year,week,week_index,year_week,week_start,season,winter_flag,spring_flag,summer_flag,NO2_mean,NO2_max,NO2_p75,NO2_n_days,PM25_mean,PM25_max,PM25_p75,PM25_n_days,PM10_mean,PM10_max,PM10_p75,PM10_n_days,temp_mean,humidity_mean,respiratory_disease,ILI,pneumonia,sin52,cos52,sin26,cos26,sin1,cos1,sin2,cos2,time_numeric,partial_pollution_week,complete_pollution_week,missing_NO2_days,missing_PM25_days,missing_PM10_days,w52_2025_flag,outlier_flag
2023,18,1,2023-W18,2023-05-03,spring,0,1,0,25.08285714285714,31.43,29.165,7,10.998571428571427,16.0,11.83,7,18.857142857142858,27.5,20.875,7,18.13,70.85,2616,840,300,0.12053668025532305,0.992708874098054,0.23931566428755774,0.970941817426052,0.12053668025532305,0.992708874098054,0.23931566428755774,0.970941817426052,1,0,1,0,0,0,0,0
2023,19,2,2023-W19,2023-05-10,spring,0,1,0,22.997142857142855,30.43,25.384999999999998,7,6.644285714285715,9.67,7.835,7,11.392857142857142,17.25,12.125,7,14.44,81.62,2293,645,240,0.23931566428755774,0.970941817426052,0.4647231720437685,0.8854560256532099,0.23931566428755774,0.970941817426052,0.4647231720437685,0.8854560256532099,2,0,1,0,0,0,0,0
2023,20,3,2023-W20,2023-05-17,spring,0,1,0,28.55,33.59,30.74,7,9.569999999999999,14.33,11.165,7,17.071428571428573,26.0,18.75,7,16.67,78.17,2175,639,220,0.3546048870425356,0.9350162426854148,0.6631226582407952,0.7485107481711011,0.3546048870425356,0.9350162426854148,0.6631226582407952,0.7485107481711011,3,0,1,0,0,0,0,0
2023,21,4,2023-W21,2023-05-24,spring,0,1,0,23.727142857142862,30.91,26.3,7,12.857142857142858,15.0,14.33,7,21.392857142857142,25.0,24.0,7,19.84,73.72,2720,861,238,0.4647231720437685,0.8854560256532099,0.8229838658936564,0.5680647467311559,0.4647231720437685,0.8854560256532099,0.8229838658936564,0.5680647467311559,4,0,1,0,0,0,0,0
2023,22,5,2023-W22,2023-05-31,spring,0,1,0,21.99857142857143,26.62,25.06,7,12.235714285714284,17.0,14.329999999999998,7,18.321428571428573,26.0,22.0,7,19.9,75.58,2549,1015,264,0.5680647467311558,0.8229838658936564,0.9350162426854148,0.35460488704253557,0.5680647467311558,0.8229838658936564,0.9350162426854148,0.35460488704253557,5,0,1,0,0,0,0,0
2023,23,6,2023-W23,2023-06-07,spring,0,1,0,20.770000000000003,25.28,22.895,7,12.26142857142857,16.0,13.5,7,17.69,20.25,19.165,7,21.04,76.49,1999,648,216,0.6631226582407952,0.7485107481711011,0.992708874098054,0.120536680255323,0.6631226582407952,0.7485107481711011,0.992708874098054,0.120536680255323,6,0,1,0,0,0,0,0
2023,24,7,2023-W24,2023-06-14,spring,0,1,0,23.807142857142857,29.24,26.65,7,14.285714285714286,16.0,15.33,7,21.381428571428575,23.25,22.5,7,22.73,66.98,1840,665,199,0.7485107481711011,0.6631226582407953,0.992708874098054,-0.1205366802553229,0.7485107481711011,0.6631226582407953,0.992708874098054,-0.1205366802553229,7,0,1,0,0,0,0,0
2023,25,8,2023-W25,2023-06-21,spring,0,1,0,28.274285714285707,39.43,29.835,7,15.95142857142857,23.33,19.165,7,26.785714285714285,41.0,29.875,7,27.36,46.38,1669,662,176,0.8229838658936564,0.5680647467311559,0.9350162426854149,-0.35460488704253545,0.8229838658936564,0.5680647467311559,0.9350162426854149,-0.35460488704253545,8,0,1,0,0,0,0,0
2023,26,9,2023-W26,2023-06-28,spring,0,1,0,22.8,35.86,23.35,7,13.094285714285714,16.5,16.25,7,21.702857142857145,27.0,24.335,7,23.12,70.43,1707,649,205,0.8854560256532099,0.4647231720437686,0.8229838658936566,-0.5680647467311556,0.8854560256532099,0.4647231720437686,0.8229838658936566,-0.5680647467311556,9,0,1,0,0,0,0,0
2023,27,10,2023-W27,2023-07-05,summer,0,0,1,25.731428571428573,29.26,28.285,7,14.334285714285715,20.67,17.335,7,22.428571428571427,38.0,26.5,7,25.17,67.51,1602,632,165,0.9350162426854148,0.35460488704253557,0.6631226582407952,-0.7485107481711012,0.9350162426854148,0.35460488704253557,0.6631226582407952,-0.7485107481711012,10,0,1,0,0,0,0,0
2023,28,11,2023-W28,2023-07-12,summer,0,0,1,22.889999999999997,29.57,24.765,7,14.477142857142857,17.67,15.665,7,27.071428571428573,35.0,32.25,7,25.68,72.85,1620,605,183,0.970941817426052,0.23931566428755804,0.46472317204376906,-0.8854560256532096,0.970941817426052,0.23931566428755804,0.46472317204376906,-0.8854560256532096,11,0,1,0,0,0,0,0
2023,29,12,2023-W29,2023-07-19,summer,0,0,1,20.947142857142858,25.56,23.075000000000003,7,14.19,18.33,16.5,7,22.392857142857142,33.75,25.5,7,23.82,77.48,1551,570,169,0.992708874098054,0.120536680255323,0.23931566428755766,-0.970941817426052,0.992708874098054,0.120536680255323,0.23931566428755766,-0.970941817426052,12,0,1,0,0,0,0,0
2023,30,13,2023-W30,2023-07-26,summer,0,0,1,21.072857142857146,26.17,24.065,7,8.167142857142858,10.67,10.25,7,14.392857142857142,20.75,17.165,7,23.56,67.38,1558,548,159,1.0,-1.6081226496766366e-16,-3.216245299353273e-16,-1.0,1.0,-1.6081226496766366e-16,-3.216245299353273e-16,-1.0,13,0,1,0,0,0,0,0
2023,31,14,2023-W31,2023-08-02,summer,0,0,1,19.25,22.8,21.59,7,6.477142857142857,11.67,8.17,7,13.25,23.25,18.75,7,22.33,60.82,1453,540,144,0.992708874098054,-0.1205366802553229,-0.23931566428755746,-0.9709418174260521,0.992708874098054,-0.1205366802553229,-0.23931566428755746,-0.9709418174260521,14,0,1,0,0,0,0,0
2023,32,15,2023-W32,2023-08-09,summer,0,0,1,18.70285714285714,26.35,20.405,7,12.23857142857143,15.33,13.5,7,20.285714285714285,22.25,21.75,7,25.56,60.76,1347,505,194,0.9709418174260521,-0.23931566428755752,-0.46472317204376806,-0.8854560256532101,0.9709418174260521,-0.23931566428755752,-0.46472317204376806,-0.8854560256532101,15,0,1,0,0,0,0,0
2023,33,16,2023-W33,2023-08-16,summer,0,0,1,18.63714285714286,27.02,20.335,7,15.047142857142857,17.67,16.83,7,25.26142857142857,32.0,28.5,7,28.28,61.01,1495,591,205,0.9350162426854149,-0.35460488704253545,-0.663122658240795,-0.7485107481711013,0.9350162426854149,-0.35460488704253545,-0.663122658240795,-0.7485107481711013,16,0,1,0,0,0,0,0
2023,34,17,2023-W34,2023-08-23,summer,0,0,1,20.41857142857143,25.73,24.77,7,12.214285714285714,18.67,17.17,7,20.881428571428575,31.25,30.25,7,25.27,65.43,1680,664,264,0.8854560256532099,-0.4647231720437685,-0.8229838658936564,-0.5680647467311559,0.8854560256532099,-0.4647231720437685,-0.8229838658936564,-0.5680647467311559,17,0,1,0,0,0,0,0
2023,35,18,2023-W35,2023-08-30,summer,0,0,1,25.00285714285715,32.1,27.325000000000003,7,10.428571428571429,15.33,12.835,7,18.142857142857142,24.75,20.25,7,21.71,70.04,1624,517,195,0.8229838658936566,-0.5680647467311556,-0.9350162426854147,-0.3546048870425359,0.8229838658936566,-0.5680647467311556,-0.9350162426854147,-0.3546048870425359,18,0,1,0,0,0,0,0
2023,36,19,2023-W36,2023-09-06,summer,0,0,1,40.14,43.74,42.599999999999994,7,19.594285714285714,26.0,22.75,7,32.082857142857144,40.33,37.0,7,23.01,68.06,1831,636,218,0.7485107481711013,-0.663122658240795,-0.992708874098054,-0.12053668025532356,0.7485107481711013,-0.663122658240795,-0.992708874098054,-0.12053668025532356,19,0,1,0,0,0,0,0
2023,37,20,2023-W37,2023-09-13,summer,0,0,1,30.062857142857144,35.79,32.66,7,13.73857142857143,18.0,16.25,7,22.381428571428575,34.0,23.335,7,20.88,83.52,2076,626,229,0.6631226582407952,-0.7485107481711012,-0.992708874098054,0.12053668025532321,0.6631226582407952,-0.7485107481711012,-0.992708874098054,0.12053668025532321,20,0,1,0,0,0,0,0
2023,38,21,2023-W38,2023-09-20,summer,0,0,1,31.208571428571428,40.74,34.790000000000006,7,8.52142857142857,13.33,11.5,7,17.321428571428573,27.25,21.125,7,17.98,78.98,2422,661,236,0.5680647467311558,-0.8229838658936564,-0.9350162426854148,0.35460488704253557,0.5680647467311558,-0.8229838658936564,-0.9350162426854148,0.35460488704253557,21,0,1,0,0,0,0,0
2023,39,22,2023-W39,2023-09-27,summer,0,0,1,48.68857142857143,57.52,53.275,7,26.472857142857144,36.33,32.83,7,45.107142857142854,56.5,51.25,7,20.02,76.45,2486,677,258,0.46472317204376906,-0.8854560256532096,-0.822983865893657,0.5680647467311548,0.46472317204376906,-0.8854560256532096,-0.822983865893657,0.5680647467311548,22,0,1,0,0,0,0,0
2023,40,23,2023-W40,2023-10-04,winter,1,0,0,36.18857142857143,46.37,39.47,7,20.142857142857142,29.0,24.0,7,38.857142857142854,45.75,41.625,7,19.77,77.69,2711,723,282,0.35460488704253584,-0.9350162426854147,-0.6631226582407955,0.7485107481711009,0.35460488704253584,-0.9350162426854147,-0.6631226582407955,0.7485107481711009,23,0,1,0,0,0,0,0
2023,41,24,2023-W41,2023-10-11,winter,1,0,0,31.714285714285715,46.21,39.205,7,15.571428571428571,32.33,18.665,7,31.607142857142858,61.75,36.5,7,17.5,71.93,2564,699,276,0.23931566428755766,-0.970941817426052,-0.46472317204376834,0.88545602565321,0.23931566428755766,-0.970941817426052,-0.46472317204376834,0.88545602565321,24,0,1,0,0,0,0,0
2023,42,25,2023-W42,2023-10-18,winter,1,0,0,36.22857142857143,46.92,37.8,7,12.381428571428572,19.67,14.5,7,21.75,34.75,24.375,7,14.25,85.57,2322,673,255,0.12053668025532308,-0.992708874098054,-0.2393156642875578,0.970941817426052,0.12053668025532308,-0.992708874098054,-0.2393156642875578,0.970941817426052,25,0,1,0,0,0,0,0
2023,43,26,2023-W43,2023-10-25,winter,1,0,0,32.92142857142857,42.0,34.845,7,14.24,24.67,17.17,7,23.428571428571427,37.0,28.125,7,14.1,86.99,2466,721,287,-3.216245299353273e-16,-1.0,6.432490598706546e-16,1.0,-3.216245299353273e-16,-1.0,6.432490598706546e-16,1.0,26,0,1,0,0,0,0,0
2023,44,27,2023-W44,2023-11-01,winter,1,0,0,34.21142857142858,44.5,37.33,7,10.69,18.0,13.165,7,18.47714285714286,29.67,24.5,7,10.33,87.17,2492,723,296,-0.12053668025532283,-0.992708874098054,0.23931566428755732,0.9709418174260521,-0.12053668025532283,-0.992708874098054,0.23931566428755732,0.9709418174260521,27,0,1,0,0,0,0,0
2023,45,28,2023-W45,2023-11-08,winter,1,0,0,44.10857142857143,53.37,48.989999999999995,7,20.85571428571429,35.0,25.83,7,28.821428571428573,51.0,33.125,7,8.15,85.38,2587,743,303,-0.23931566428755746,-0.9709418174260521,0.46472317204376795,0.8854560256532102,-0.23931566428755746,-0.9709418174260521,0.46472317204376795,0.8854560256532102,28,0,1,0,0,0,0,0
2023,46,29,2023-W46,2023-11-15,winter,1,0,0,48.785714285714285,55.42,54.58,7,25.095714285714287,42.0,31.67,7,36.75,54.5,46.375,7,9.26,72.99,2880,936,348,-0.3546048870425356,-0.9350162426854148,0.6631226582407952,0.7485107481711011,-0.3546048870425356,-0.9350162426854148,0.6631226582407952,0.7485107481711011,29,0,1,0,0,0,0,0
2023,47,30,2023-W47,2023-11-22,winter,1,0,0,47.797142857142866,58.65,56.16,7,17.524285714285714,27.0,23.335,7,27.142857142857142,38.75,35.875,7,6.25,67.47,3263,1017,397,-0.46472317204376806,-0.8854560256532101,0.8229838658936557,0.5680647467311567,-0.46472317204376806,-0.8854560256532101,0.8229838658936557,0.5680647467311567,30,0,1,0,0,0,0,0
2023,48,31,2023-W48,2023-11-29,winter,1,0,0,42.042857142857144,52.96,44.879999999999995,7,16.427142857142858,27.33,18.83,7,22.178571428571427,31.75,24.625,7,4.06,77.96,3511,1252,441,-0.5680647467311556,-0.8229838658936566,0.9350162426854147,0.35460488704253607,-0.5680647467311556,-0.8229838658936566,0.9350162426854147,0.35460488704253607,31,0,1,0,0,0,0,0
2023,49,32,2023-W49,2023-12-06,winter,1,0,0,47.58142857142857,71.95,50.745000000000005,7,32.57,49.67,37.33,7,43.5,64.75,51.875,7,3.06,91.76,4745,1872,567,-0.663122658240795,-0.7485107481711013,0.9927088740980539,0.12053668025532369,-0.663122658240795,-0.7485107481711013,0.9927088740980539,0.12053668025532369,32,0,1,0,0,0,0,0
2023,50,33,2023-W50,2023-12-13,winter,1,0,0,50.021428571428565,70.5,52.61,7,36.66428571428571,46.33,43.165,7,49.107142857142854,68.25,56.25,7,4.1,87.55,4529,1771,627,-0.7485107481711011,-0.6631226582407952,0.992708874098054,-0.12053668025532309,-0.7485107481711011,-0.6631226582407952,0.992708874098054,-0.12053668025532309,33,0,1,0,0,0,0,0
2023,51,34,2023-W51,2023-12-20,winter,1,0,0,51.63857142857143,80.39,60.875,7,28.380000000000003,61.33,45.5,7,39.714285714285715,77.75,56.625,7,7.3,80.36,4940,2122,750,-0.8229838658936564,-0.5680647467311559,0.9350162426854149,-0.35460488704253545,-0.8229838658936564,-0.5680647467311559,0.9350162426854149,-0.35460488704253545,34,0,1,0,0,0,0,0
2023,52,35,2023-W52,2023-12-27,winter,1,0,0,42.451428571428565,46.82,46.575,7,32.808571428571426,40.5,37.415,7,40.82142857142857,49.67,45.29,7,6.47,90.18,4092,1765,731,-0.8854560256532096,-0.4647231720437691,0.8229838658936571,-0.5680647467311547,-0.8854560256532096,-0.4647231720437691,0.8229838658936571,-0.5680647467311547,35,0,1,0,0,0,0,0
2024,1,36,2024-W01,2024-01-04,winter,1,0,0,41.128571428571426,60.71,45.870000000000005,7,17.38142857142857,29.67,19.5,7,23.75,43.5,24.5,7,5.41,84.3,2987,1012,534,-0.9350162426854147,-0.3546048870425359,0.6631226582407956,-0.7485107481711006,-0.9350162426854147,-0.3546048870425359,0.6631226582407956,-0.7485107481711006,36,0,1,0,0,0,0,0
2024,2,37,2024-W02,2024-01-11,winter,1,0,0,54.48285714285714,62.87,56.68,7,41.23857142857143,50.0,45.335,7,51.285714285714285,63.5,56.0,7,1.72,89.39,2577,902,394,-0.970941817426052,-0.23931566428755774,0.4647231720437685,-0.8854560256532099,-0.970941817426052,-0.23931566428755774,0.4647231720437685,-0.8854560256532099,37,0,1,0,0,0,0,0
2024,3,38,2024-W03,2024-01-18,winter,1,0,0,57.61857142857143,75.93,67.86,7,32.097142857142856,49.67,37.335,7,43.857142857142854,69.5,49.75,7,1.93,77.02,2625,800,310,-0.992708874098054,-0.12053668025532356,0.23931566428755877,-0.9709418174260518,-0.992708874098054,-0.12053668025532356,0.23931566428755877,-0.9709418174260518,38,0,1,0,0,0,0,0
2024,4,39,2024-W04,2024-01-25,winter,1,0,0,65.21142857142857,78.05,75.21000000000001,7,59.04714285714285,81.33,67.16499999999999,7,76.96428571428571,104.0,86.75,7,2.93,89.59,2684,890,339,-1.0,-1.8369701987210297e-16,3.6739403974420594e-16,-1.0,-1.0,-1.8369701987210297e-16,3.6739403974420594e-16,-1.0,39,0,1,0,0,0,0,0
2024,5,40,2024-W05,2024-02-01,winter,1,0,0,56.32142857142857,74.71,67.83500000000001,7,49.81,76.67,62.5,7,67.46428571428571,100.25,85.875,7,6.87,87.64,2891,910,366,-0.992708874098054,0.12053668025532321,-0.23931566428755807,-0.9709418174260519,-0.992708874098054,0.12053668025532321,-0.23931566428755807,-0.9709418174260519,40,0,1,0,0,0,0,0
2024,6,41,2024-W06,2024-02-08,winter,1,0,0,41.82999999999999,57.97,51.94,7,21.52285714285714,29.67,28.665,7,31.178571428571427,48.25,43.0,7,8.32,87.85,2880,913,348,-0.9709418174260521,0.23931566428755738,-0.46472317204376784,-0.8854560256532102,-0.9709418174260521,0.23931566428755738,-0.46472317204376784,-0.8854560256532102,41,0,1,0,0,0,0,0
2024,7,42,2024-W07,2024-02-15,winter,1,0,0,61.041428571428575,74.44,70.00999999999999,7,72.90714285714287,97.67,82.17,7,94.28571428571429,116.75,107.75,7,8.56,86.2,2839,962,326,-0.9350162426854148,0.35460488704253557,-0.6631226582407952,-0.7485107481711012,-0.9350162426854148,0.35460488704253557,-0.6631226582407952,-0.7485107481711012,42,0,1,0,0,0,0,0
2024,8,43,2024-W08,2024-02-22,winter,1,0,0,37.048571428571435,44.43,43.565,7,14.357142857142858,40.0,14.329999999999998,7,19.548571428571428,51.5,18.835,7,7.72,88.22,2862,982,301,-0.8854560256532101,0.464723172043768,-0.8229838658936557,-0.5680647467311568,-0.8854560256532101,0.464723172043768,-0.8229838658936557,-0.5680647467311568,43,0,1,0,0,0,0,0
2024,9,44,2024-W09,2024-03-01,winter,1,0,0,30.491428571428575,44.91,35.754999999999995,7,11.04857142857143,18.33,13.67,7,15.642857142857142,26.25,18.625,7,9.34,84.24,2841,903,350,-0.822983865893657,0.5680647467311548,-0.9350162426854141,-0.35460488704253784,-0.822983865893657,0.5680647467311548,-0.9350162426854141,-0.35460488704253784,44,0,1,0,0,0,0,0
2024,10,45,2024-W10,2024-03-08,winter,1,0,0,27.918571428571425,38.84,34.34,7,15.0,28.33,17.665,7,21.5,39.5,27.5,7,9.34,78.55,2958,989,358,-0.7485107481711011,0.6631226582407952,-0.992708874098054,-0.12053668025532294,-0.7485107481711011,0.6631226582407952,-0.992708874098054,-0.12053668025532294,45,0,1,0,0,0,0,0
2024,11,46,2024-W11,2024-03-15,winter,1,0,0,26.898571428571426,38.54,30.13,7,21.23857142857143,33.67,29.665,7,30.75,45.0,39.75,7,12.25,82.65,3052,1057,388,-0.6631226582407955,0.7485107481711009,-0.9927088740980541,0.12053668025532208,-0.6631226582407955,0.7485107481711009,-0.9927088740980541,0.12053668025532208,46,0,1,0,0,0,0,0
2024,12,47,2024-W12,2024-03-22,winter,1,0,0,31.884285714285713,39.96,38.19,7,16.428571428571427,44.0,20.335,7,22.821428571428573,60.0,28.875,7,10.41,69.73,3192,1098,394,-0.5680647467311559,0.8229838658936564,-0.9350162426854149,0.35460488704253534,-0.5680647467311559,0.8229838658936564,-0.9350162426854149,0.35460488704253534,47,0,1,0,0,0,0,0
2024,13,48,2024-W13,2024-03-29,winter,1,0,0,30.437142857142863,46.24,39.94,7,11.525714285714287,18.67,14.335,7,27.274285714285707,56.75,32.125,7,11.89,81.68,2909,1020,384,-0.46472317204376834,0.88545602565321,-0.8229838658936562,0.5680647467311561,-0.46472317204376834,0.88545602565321,-0.8229838658936562,0.5680647467311561,48,0,1,0,0,0,0,0
2024,14,49,2024-W14,2024-04-05,spring,0,1,0,32.33571428571429,45.47,34.45,7,12.904285714285715,23.67,17.83,7,23.571428571428573,40.5,30.0,7,14.64,77.03,3017,1041,378,-0.35460488704253595,0.9350162426854147,-0.6631226582407957,0.7485107481711006,-0.35460488704253595,0.9350162426854147,-0.6631226582407957,0.7485107481711006,49,0,1,0,0,0,0,0
2024,15,50,2024-W15,2024-04-12,spring,0,1,0,32.582857142857144,48.84,42.209999999999994,7,13.952857142857143,22.0,19.0,7,26.0,37.25,32.75,7,15.74,64.33,2739,1007,402,-0.2393156642875578,0.970941817426052,-0.4647231720437686,0.8854560256532099,-0.2393156642875578,0.970941817426052,-0.4647231720437686,0.8854560256532099,50,0,1,0,0,0,0,0
2024,16,51,2024-W16,2024-04-19,spring,0,1,0,24.262857142857143,29.45,28.525,7,5.762857142857143,10.0,7.335,7,11.274285714285714,18.5,13.96,7,9.43,64.98,2943,977,369,-0.12053668025532363,0.992708874098054,-0.2393156642875589,0.9709418174260518,-0.12053668025532363,0.992708874098054,-0.2393156642875589,0.9709418174260518,51,0,1,0,0,0,0,0
2024,17,52,2024-W17,2024-04-26,spring,0,1,0,28.862857142857145,43.13,32.599999999999994,7,10.714285714285714,16.0,12.0,7,21.154285714285713,31.25,27.415,7,13.79,79.69,2807,973,370,6.432490598706546e-16,1.0,1.2864981197413093e-15,1.0,6.432490598706546e-16,1.0,1.2864981197413093e-15,1.0,52,0,1,0,0,0,0,0
2024,18,53,2024-W18,2024-05-03,spring,0,1,0,22.084285714285716,30.07,26.105,7,6.88,10.0,7.835,7,12.285714285714286,15.5,14.04,7,15.18,79.53,2960,1037,402,0.12053668025532314,0.992708874098054,0.23931566428755793,0.970941817426052,0.12053668025532314,0.992708874098054,0.23931566428755793,0.970941817426052,53,0,1,0,0,0,0,0
2024,19,54,2024-W19,2024-05-10,spring,0,1,0,26.78857142857143,29.69,29.115000000000002,7,12.381428571428572,21.5,13.5,7,19.33285714285714,33.33,23.0,7,17.21,79.08,2746,957,393,0.23931566428755732,0.9709418174260521,0.46472317204376773,0.8854560256532104,0.23931566428755732,0.9709418174260521,0.46472317204376773,0.8854560256532104,54,0,1,0,0,0,0,0
2024,20,55,2024-W20,2024-05-17,spring,0,1,0,23.41142857142857,32.88,27.095,7,7.95,12.33,8.83,7,15.714285714285714,27.0,15.75,7,16.59,80.55,2712,884,372,0.3546048870425355,0.9350162426854148,0.6631226582407951,0.7485107481711013,0.3546048870425355,0.9350162426854148,0.6631226582407951,0.7485107481711013,55,0,1,0,0,0,0,0
2024,21,56,2024-W21,2024-05-24,spring,0,1,0,24.51428571428571,30.18,25.915,7,8.737142857142858,11.67,10.5,7,15.392857142857142,19.75,18.0,7,18.08,79.32,2776,943,380,0.46472317204376795,0.8854560256532102,0.8229838658936557,0.5680647467311569,0.46472317204376795,0.8854560256532102,0.8229838658936557,0.5680647467311569,56,0,1,0,0,0,0,0
2024,22,57,2024-W22,2024-05-31,spring,0,1,0,18.13714285714286,24.65,18.665,7,6.142857142857143,7.67,7.165,7,13.75,16.5,15.125,7,18.52,75.21,2738,912,398,0.5680647467311556,0.8229838658936566,0.9350162426854146,0.35460488704253623,0.5680647467311556,0.8229838658936566,0.9350162426854146,0.35460488704253623,57,0,1,0,0,0,0,0
2024,23,58,2024-W23,2024-06-07,spring,0,1,0,16.255714285714287,19.39,17.095,7,8.569999999999999,12.33,9.665,7,16.451428571428572,26.0,19.335,7,20.15,79.64,2592,915,398,0.6631226582407952,0.7485107481711011,0.992708874098054,0.12053668025532306,0.6631226582407952,0.7485107481711011,0.992708874098054,0.12053668025532306,58,0,1,0,0,0,0,0
2024,24,59,2024-W24,2024-06-14,spring,0,1,0,19.472857142857144,24.09,22.74,7,10.857142857142858,15.0,13.835,7,22.452857142857145,36.25,28.0,7,21.8,73.02,2381,934,388,0.7485107481711006,0.6631226582407956,0.9927088740980541,-0.12053668025532195,0.7485107481711006,0.6631226582407956,0.9927088740980541,-0.12053668025532195,59,0,1,0,0,0,0,0
2024,25,60,2024-W25,2024-06-21,spring,0,1,0,22.298571428571428,29.47,27.14,7,8.522857142857143,16.33,10.75,7,18.797142857142855,47.25,17.915,7,20.8,80.62,2509,957,400,0.8229838658936557,0.5680647467311567,0.9350162426854156,-0.35460488704253357,0.8229838658936557,0.5680647467311567,0.9350162426854156,-0.35460488704253357,60,0,1,0,0,0,0,0
2024,26,61,2024-W26,2024-06-28,spring,0,1,0,17.44857142857143,26.11,20.45,7,10.881428571428572,21.67,11.165,7,19.178571428571427,29.25,21.5,7,22.47,78.65,2524,988,425,0.8854560256532099,0.46472317204376845,0.8229838658936562,-0.568064746731156,0.8854560256532099,0.46472317204376845,0.8229838658936562,-0.568064746731156,61,0,1,0,0,0,0,0
2024,27,62,2024-W27,2024-07-05,summer,0,0,1,20.53142857142857,27.09,25.134999999999998,7,11.928571428571429,15.67,14.75,7,22.178571428571427,31.0,26.665,7,23.89,76.01,2500,903,434,0.9350162426854147,0.35460488704253607,0.6631226582407959,-0.7485107481711005,0.9350162426854147,0.35460488704253607,0.6631226582407959,-0.7485107481711005,62,0,1,0,0,0,0,0
2024,28,63,2024-W28,2024-07-12,summer,0,0,1,18.24,25.29,21.259999999999998,7,10.571428571428571,15.0,11.75,7,22.75,28.75,25.415,7,24.81,75.93,2434,975,484,0.970941817426052,0.23931566428755785,0.46472317204376873,-0.8854560256532098,0.970941817426052,0.23931566428755785,0.46472317204376873,-0.8854560256532098,63,0,1,0,0,0,0,0
2024,29,64,2024-W29,2024-07-19,summer,0,0,1,22.96142857142857,29.91,25.165,7,11.618571428571428,16.0,13.165,7,23.107142857142858,34.25,24.875,7,25.95,72.67,2351,952,439,0.9927088740980539,0.12053668025532369,0.23931566428755902,-0.9709418174260517,0.9927088740980539,0.12053668025532369,0.23931566428755902,-0.9709418174260517,64,0,1,0,0,0,0,0
2024,30,65,2024-W30,2024-07-26,summer,0,0,1,21.215714285714284,25.31,23.225,7,12.858571428571429,17.67,15.0,7,26.107142857142858,30.0,28.625,7,27.46,68.09,2336,936,405,1.0,3.061616997868383e-16,6.123233995736766e-16,-1.0,1.0,3.061616997868383e-16,6.123233995736766e-16,-1.0,65,0,1,0,0,0,0,0
2024,31,66,2024-W31,2024-08-02,summer,0,0,1,19.53857142857143,21.58,20.695,7,11.524285714285714,14.0,13.0,7,23.0,28.25,26.25,7,26.29,69.1,2285,885,472,0.992708874098054,-0.12053668025532309,-0.23931566428755782,-0.970941817426052,0.992708874098054,-0.12053668025532309,-0.23931566428755782,-0.970941817426052,66,0,1,0,0,0,0,0
2024,32,67,2024-W32,2024-08-09,summer,0,0,1,19.03,23.65,20.72,7,13.904285714285715,16.33,16.0,7,24.428571428571427,27.25,26.125,7,27.68,65.98,1923,734,395,0.9709418174260519,-0.23931566428755813,-0.46472317204376923,-0.8854560256532096,0.9709418174260519,-0.23931566428755813,-0.46472317204376923,-0.8854560256532096,67,0,1,0,0,0,0,0
2024,33,68,2024-W33,2024-08-16,summer,0,0,1,16.381428571428568,23.91,18.715,7,9.857142857142858,14.0,11.335,7,20.75,27.0,22.875,7,25.0,71.19,2042,764,384,0.9350162426854149,-0.35460488704253545,-0.6631226582407949,-0.7485107481711013,0.9350162426854149,-0.35460488704253545,-0.6631226582407949,-0.7485107481711013,68,0,1,0,0,0,0,0
2024,34,69,2024-W34,2024-08-23,summer,0,0,1,21.155714285714286,30.99,23.61,7,12.382857142857143,17.67,13.335,7,24.881428571428575,33.5,27.625,7,25.07,69.27,2022,798,388,0.8854560256532102,-0.4647231720437679,-0.8229838658936556,-0.568064746731157,0.8854560256532102,-0.4647231720437679,-0.8229838658936556,-0.568064746731157,69,0,1,0,0,0,0,0
2024,35,70,2024-W35,2024-08-30,summer,0,0,1,29.037142857142857,34.25,31.869999999999997,7,14.69,22.0,18.665,7,26.642857142857146,38.0,33.0,7,24.16,72.39,2198,816,390,0.8229838658936571,-0.5680647467311547,-0.935016242685414,-0.354604887042538,0.8229838658936571,-0.5680647467311547,-0.935016242685414,-0.354604887042538,70,0,1,0,0,0,0,0
2024,36,71,2024-W36,2024-09-06,summer,0,0,1,24.767142857142858,33.22,27.025,7,7.905714285714287,12.5,9.585,7,16.535714285714285,25.33,19.125,7,20.63,78.67,2018,712,370,0.7485107481711012,-0.6631226582407952,-0.992708874098054,-0.12053668025532319,0.7485107481711012,-0.6631226582407952,-0.992708874098054,-0.12053668025532319,71,0,1,0,0,0,0,0
2024,37,72,2024-W37,2024-09-13,summer,0,0,1,26.83142857142857,32.94,30.955,7,5.738571428571428,7.33,6.67,7,13.785714285714286,18.75,15.75,7,16.62,57.6,2053,652,350,0.6631226582407956,-0.7485107481711006,-0.9927088740980542,0.12053668025532183,0.6631226582407956,-0.7485107481711006,-0.9927088740980542,0.12053668025532183,72,0,1,0,0,0,0,0
2024,38,73,2024-W38,2024-09-20,summer,0,0,1,34.222857142857144,38.99,36.095,7,12.691428571428572,17.0,14.585,7,24.785714285714285,32.0,28.375,7,17.37,80.52,2394,749,344,0.5680647467311567,-0.8229838658936557,-0.9350162426854156,0.35460488704253346,0.5680647467311567,-0.8229838658936557,-0.9350162426854156,0.35460488704253346,73,0,1,0,0,0,0,0
2024,39,74,2024-W39,2024-09-27,summer,0,0,1,24.467142857142857,31.85,25.560000000000002,7,8.237142857142857,13.67,11.5,7,16.584285714285716,29.0,19.71,7,16.55,78.17,2907,885,437,0.4647231720437685,-0.8854560256532099,-0.8229838658936564,0.5680647467311559,0.4647231720437685,-0.8854560256532099,-0.8229838658936564,0.5680647467311559,74,0,1,0,0,0,0,0
2024,40,75,2024-W40,2024-10-04,winter,1,0,0,27.747142857142855,36.34,28.82,7,10.285714285714286,17.67,12.0,7,17.144285714285715,27.67,20.67,7,14.08,88.74,2821,859,391,0.3546048870425361,-0.9350162426854146,-0.663122658240796,0.7485107481711004,0.3546048870425361,-0.9350162426854146,-0.663122658240796,0.7485107481711004,75,0,1,0,0,0,0,0
2024,41,76,2024-W41,2024-10-11,winter,1,0,0,31.07857142857143,37.34,36.31,7,15.167142857142858,22.5,20.665,7,24.69142857142857,35.33,32.0,7,15.42,86.73,2809,925,427,0.23931566428755877,-0.9709418174260518,-0.4647231720437704,0.8854560256532089,0.23931566428755877,-0.9709418174260518,-0.4647231720437704,0.8854560256532089,76,0,1,0,0,0,0,0
2024,42,77,2024-W42,2024-10-18,winter,1,0,0,33.71714285714286,45.14,39.275000000000006,7,14.905714285714286,26.67,19.835,7,25.01142857142857,48.0,34.29,7,16.1,89.79,2810,856,405,0.12053668025532287,-0.992708874098054,-0.2393156642875574,0.9709418174260521,0.12053668025532287,-0.992708874098054,-0.2393156642875574,0.9709418174260521,77,0,1,0,0,0,0,0
2024,43,78,2024-W43,2024-10-25,winter,1,0,0,33.96285714285714,47.51,39.265,7,19.57,30.33,22.5,7,31.75,51.5,37.79,7,14.96,92.83,2750,889,393,3.6739403974420594e-16,-1.0,-7.347880794884119e-16,1.0,3.6739403974420594e-16,-1.0,-7.347880794884119e-16,1.0,78,0,1,0,0,0,0,0
2024,44,79,2024-W44,2024-11-01,winter,1,0,0,39.63857142857143,44.85,41.135000000000005,7,27.905714285714282,38.33,29.335,7,42.17857142857143,55.75,44.125,7,10.45,92.94,2848,971,488,-0.12053668025532391,-0.9927088740980539,0.23931566428755946,0.9709418174260516,-0.12053668025532391,-0.9927088740980539,0.23931566428755946,0.9709418174260516,79,0,1,0,0,0,0,0
2024,45,80,2024-W45,2024-11-08,winter,1,0,0,49.98571428571428,65.21,53.1,7,35.09571428571429,44.33,39.17,7,50.98857142857143,59.0,54.25,7,7.78,86.25,2620,859,441,-0.23931566428755807,-0.9709418174260519,0.4647231720437691,0.8854560256532096,-0.23931566428755807,-0.9709418174260519,0.4647231720437691,0.8854560256532096,80,0,1,0,0,0,0,0
2024,46,81,2024-W46,2024-11-15,winter,1,0,0,48.949999999999996,63.77,50.480000000000004,7,42.75999999999999,58.0,55.33,7,61.535714285714285,82.25,81.0,7,5.81,85.51,2743,965,451,-0.3546048870425354,-0.9350162426854149,0.6631226582407949,0.7485107481711015,-0.3546048870425354,-0.9350162426854149,0.6631226582407949,0.7485107481711015,81,0,1,0,0,0,0,0
2024,47,82,2024-W47,2024-11-22,winter,1,0,0,40.50571428571429,50.35,41.19,7,19.57,33.33,26.835,7,28.535714285714285,46.25,36.665,7,5.58,82.75,2938,960,479,-0.46472317204376784,-0.8854560256532102,0.8229838658936555,0.5680647467311571,-0.46472317204376784,-0.8854560256532102,0.8229838658936555,0.5680647467311571,82,0,1,0,0,0,0,0
2024,48,83,2024-W48,2024-11-29,winter,1,0,0,54.04714285714285,69.16,64.65,7,34.76142857142857,46.33,37.165,7,52.535714285714285,65.0,56.0,7,4.73,91.73,2828,988,468,-0.5680647467311561,-0.8229838658936561,0.9350162426854152,0.3546048870425348,-0.5680647467311561,-0.8229838658936561,0.9350162426854152,0.3546048870425348,83,0,1,0,0,0,0,0
2024,49,84,2024-W49,2024-12-06,winter,1,0,0,47.58571428571429,52.6,51.099999999999994,7,30.23857142857143,43.0,34.0,7,44.035714285714285,59.75,54.0,7,4.06,91.56,3285,1052,518,-0.6631226582407952,-0.7485107481711012,0.992708874098054,0.1205366802553233,-0.6631226582407952,-0.7485107481711012,0.992708874098054,0.1205366802553233,84,0,1,0,0,0,0,0
2024,50,85,2024-W50,2024-12-13,winter,1,0,0,47.44571428571429,67.45,55.565,7,39.42714285714286,51.33,41.835,7,53.607142857142854,66.25,61.125,7,4.52,91.31,3302,1180,538,-0.7485107481711006,-0.6631226582407957,0.9927088740980542,-0.12053668025532172,-0.7485107481711006,-0.6631226582407957,0.9927088740980542,-0.12053668025532172,85,0,1,0,0,0,0,0
2024,51,86,2024-W51,2024-12-20,winter,1,0,0,50.117142857142845,65.9,62.655,7,19.047142857142855,40.67,31.0,7,28.428571428571427,53.25,44.375,7,4.46,63.23,3522,1231,561,-0.8229838658936557,-0.5680647467311568,0.9350162426854157,-0.35460488704253335,-0.8229838658936557,-0.5680647467311568,0.9350162426854157,-0.35460488704253335,86,0,1,0,0,0,0,0
2024,52,87,2024-W52,2024-12-27,winter,1,0,0,66.13571428571429,79.04,72.88,7,66.52571428571427,139.67,77.83500000000001,7,91.53571428571429,189.25,101.875,7,2.95,84.13,4670,1873,686,-0.885456025653209,-0.4647231720437701,0.8229838658936584,-0.5680647467311529,-0.885456025653209,-0.4647231720437701,0.8229838658936584,-0.5680647467311529,87,0,1,0,0,0,0,0
2025,1,88,2025-W01,2025-01-04,winter,1,0,0,31.47142857142857,40.68,32.78,7,25.66571428571428,35.33,31.0,7,34.17857142857143,47.5,42.0,7,4.63,89.56,3826,1666,688,-0.9350162426854141,-0.35460488704253784,0.6631226582407987,-0.748510748171098,-0.9350162426854141,-0.35460488704253784,0.6631226582407987,-0.748510748171098,88,0,1,0,0,0,0,0
2025,2,89,2025-W02,2025-01-11,winter,1,0,0,57.50285714285714,67.55,58.755,7,27.90285714285714,43.33,31.165,7,43.214285714285715,63.0,49.125,7,1.76,75.2,3524,1516,655,-0.9709418174260522,-0.2393156642875571,0.46472317204376734,-0.8854560256532106,-0.9709418174260522,-0.2393156642875571,0.46472317204376734,-0.8854560256532106,89,0,1,0,0,0,0,0
2025,3,90,2025-W03,2025-01-18,winter,1,0,0,47.96714285714286,58.91,54.755,7,23.189999999999998,37.67,25.33,7,31.75,55.75,34.5,7,4.89,92.2,4044,1820,763,-0.992708874098054,-0.12053668025532294,0.23931566428755754,-0.9709418174260521,-0.992708874098054,-0.12053668025532294,0.23931566428755754,-0.9709418174260521,90,0,1,0,0,0,0,0
2025,4,91,2025-W04,2025-01-25,winter,1,0,0,40.722857142857144,51.62,44.900000000000006,7,19.00142857142857,29.0,25.335,7,26.321428571428573,42.0,35.25,7,6.32,93.72,3843,1774,667,-1.0,-4.286263797015736e-16,8.572527594031472e-16,-1.0,-1.0,-4.286263797015736e-16,8.572527594031472e-16,-1.0,91,0,1,0,0,0,0,0
2025,5,92,2025-W05,2025-02-01,winter,1,0,0,47.715714285714284,55.93,49.42,7,30.189999999999998,45.33,39.0,7,42.32142857142857,63.75,54.625,7,5.37,87.17,3722,1554,651,-0.9927088740980541,0.12053668025532208,-0.23931566428755585,-0.9709418174260525,-0.9927088740980541,0.12053668025532208,-0.23931566428755585,-0.9709418174260525,92,0,1,0,0,0,0,0
2025,6,93,2025-W06,2025-02-08,winter,1,0,0,40.121428571428574,49.37,42.785,7,23.857142857142858,33.0,26.83,7,30.214285714285715,46.0,33.625,7,6.53,90.9,3584,1455,634,-0.9709418174260523,0.2393156642875563,-0.46472317204376584,-0.8854560256532114,-0.9709418174260523,0.2393156642875563,-0.46472317204376584,-0.8854560256532114,93,0,1,0,0,0,0,0
2025,7,94,2025-W07,2025-02-15,winter,1,0,0,37.82714285714286,57.04,43.175,7,30.715714285714284,62.67,32.835,7,42.464285714285715,86.0,43.875,7,3.77,78.33,3201,1261,524,-0.9350162426854149,0.35460488704253534,-0.6631226582407947,-0.7485107481711015,-0.9350162426854149,0.35460488704253534,-0.6631226582407947,-0.7485107481711015,94,0,1,0,0,0,0,0
2025,8,95,2025-W08,2025-02-22,winter,1,0,0,41.29571428571429,55.11,43.35,7,52.142857142857146,77.0,72.0,7,68.46428571428571,104.5,92.0,7,8.83,88.11,1095,438,224,-0.8854560256532102,0.4647231720437678,-0.8229838658936555,-0.5680647467311571,-0.8854560256532102,0.4647231720437678,-0.8229838658936555,-0.5680647467311571,95,0,1,0,0,0,0,1
2025,9,96,2025-W09,2025-03-01,winter,1,0,0,51.595714285714294,71.61,60.595,7,28.287142857142857,38.67,35.0,7,43.107142857142854,61.75,54.625,7,8.88,73.4,3261,1242,524,-0.8229838658936562,0.5680647467311561,-0.935016242685415,-0.35460488704253496,-0.8229838658936562,0.5680647467311561,-0.935016242685415,-0.35460488704253496,96,0,1,0,0,0,0,0
2025,10,97,2025-W10,2025-03-08,winter,1,0,0,38.19428571428572,61.26,45.43,7,21.334285714285716,40.33,29.835,7,30.107142857142858,60.25,41.5,7,10.12,81.5,2956,1076,453,-0.7485107481711013,0.6631226582407951,-0.992708874098054,-0.12053668025532342,-0.7485107481711013,0.6631226582407951,-0.992708874098054,-0.12053668025532342,97,0,1,0,0,0,0,0
2025,11,98,2025-W11,2025-03-15,winter,1,0,0,32.83714285714286,52.11,44.885000000000005,7,16.667142857142856,41.67,21.665,7,27.071428571428573,63.5,36.875,7,8.65,76.07,2768,935,446,-0.6631226582407957,0.7485107481711006,-0.9927088740980542,0.12053668025532159,-0.6631226582407957,0.7485107481711006,-0.9927088740980542,0.12053668025532159,98,0,1,0,0,0,0,0
2025,12,99,2025-W12,2025-03-22,winter,1,0,0,33.66285714285714,41.46,38.855000000000004,7,16.62,31.67,17.835,7,23.428571428571427,38.0,27.375,7,11.63,80.02,2656,874,361,-0.5680647467311554,0.8229838658936567,-0.9350162426854145,0.3546048870425365,-0.5680647467311554,0.8229838658936567,-0.9350162426854145,0.3546048870425365,99,0,1,0,0,0,0,0
2025,13,100,2025-W13,2025-03-29,winter,1,0,0,31.062857142857144,47.63,34.905,7,11.95142857142857,26.33,13.5,7,20.834285714285716,45.67,25.375,7,13.66,60.72,2794,927,435,-0.4647231720437686,0.8854560256532099,-0.8229838658936565,0.5680647467311557,-0.4647231720437686,0.8854560256532099,-0.8229838658936565,0.5680647467311557,100,0,1,0,0,0,0,0
2025,14,101,2025-W14,2025-04-05,spring,0,1,0,30.22142857142857,39.43,37.495,7,17.572857142857142,23.67,21.5,7,32.54714285714285,39.5,37.875,7,13.48,59.95,2854,907,403,-0.35460488704253623,0.9350162426854146,-0.6631226582407961,0.7485107481711002,-0.35460488704253623,0.9350162426854146,-0.6631226582407961,0.7485107481711002,101,0,1,0,0,0,0,0
2025,15,102,2025-W15,2025-04-12,spring,0,1,0,23.01285714285714,31.11,25.105,7,9.858571428571429,13.33,12.5,7,15.0,21.5,19.75,7,14.45,79.89,2770,882,382,-0.2393156642875589,0.9709418174260518,-0.4647231720437706,0.8854560256532088,-0.2393156642875589,0.9709418174260518,-0.4647231720437706,0.8854560256532088,102,0,1,0,0,0,0,0
2025,16,103,2025-W16,2025-04-19,spring,0,1,0,23.851428571428574,34.23,28.74,7,8.381428571428572,12.33,9.665,7,13.607142857142858,19.0,17.75,7,15.3,74.97,2512,839,339,-0.12053668025532475,0.9927088740980538,-0.2393156642875611,0.9709418174260512,-0.12053668025532475,0.9927088740980538,-0.2393156642875611,0.9709418174260512,103,0,1,0,0,0,0,0
2025,17,104,2025-W17,2025-04-26,spring,0,1,0,28.614285714285717,36.24,34.355000000000004,7,11.69142857142857,16.33,15.5,7,18.618571428571425,26.25,24.875,7,18.82,67.31,2856,1006,426,1.2864981197413093e-15,1.0,2.5729962394826186e-15,1.0,1.2864981197413093e-15,1.0,2.5729962394826186e-15,1.0,104,0,1,0,0,0,0,0
2025,18,105,2025-W18,2025-05-03,spring,0,1,0,20.557142857142857,25.0,24.17,7,8.522857142857143,11.5,10.0,7,14.595714285714285,18.25,16.835,7,16.19,74.96,2561,876,395,0.12053668025532378,0.9927088740980539,0.2393156642875592,0.9709418174260517,0.12053668025532378,0.9927088740980539,0.2393156642875592,0.9709418174260517,105,0,1,0,0,0,0,0
2025,19,106,2025-W19,2025-05-10,spring,0,1,0,23.55285714285714,30.32,25.99,7,9.667142857142858,11.0,10.835,7,15.381428571428572,17.0,15.46,7,16.97,74.32,2311,688,260,0.23931566428755793,0.970941817426052,0.46472317204376884,0.8854560256532097,0.23931566428755793,0.970941817426052,0.46472317204376884,0.8854560256532097,106,0,1,0,0,0,0,0
2025,20,107,2025-W20,2025-05-17,spring,0,1,0,21.79714285714286,27.1,26.925,7,8.19,12.33,9.835,7,14.154285714285715,19.25,17.375,7,17.65,70.76,2379,718,315,0.3546048870425353,0.9350162426854149,0.6631226582407946,0.7485107481711016,0.3546048870425353,0.9350162426854149,0.6631226582407946,0.7485107481711016,107,0,1,0,0,0,0,0
2025,21,108,2025-W21,2025-05-24,spring,0,1,0,19.51142857142857,27.78,20.985,7,8.902857142857142,13.33,10.165,7,14.81,25.25,15.125,7,19.66,68.12,2345,756,276,0.46472317204376773,0.8854560256532104,0.8229838658936554,0.5680647467311573,0.46472317204376773,0.8854560256532104,0.8229838658936554,0.5680647467311573,108,0,1,0,0,0,0,0
2025,22,109,2025-W22,2025-05-31,spring,0,1,0,17.47714285714286,24.68,21.78,7,11.905714285714286,15.33,13.67,7,21.464285714285715,27.25,25.125,7,22.34,68.54,2477,915,342,0.5680647467311546,0.8229838658936572,0.9350162426854138,0.3546048870425384,0.5680647467311546,0.8229838658936572,0.9350162426854138,0.3546048870425384,109,0,1,0,0,0,0,0
2025,23,110,2025-W23,2025-06-07,spring,0,1,0,18.385714285714283,27.4,24.845,7,22.547142857142855,33.0,28.75,7,34.27428571428572,47.75,42.915,7,26.18,53.21,2338,808,286,0.6631226582407951,0.7485107481711013,0.992708874098054,0.12053668025532353,0.6631226582407951,0.7485107481711013,0.992708874098054,0.12053668025532353,110,0,1,0,0,0,0,0
2025,24,111,2025-W24,2025-06-14,spring,0,1,0,21.405714285714286,29.24,25.095,7,16.405714285714286,25.67,18.17,7,26.404285714285713,39.75,30.0,7,27.37,54.97,2167,829,299,0.7485107481711006,0.6631226582407957,0.9927088740980542,-0.12053668025532148,0.7485107481711006,0.6631226582407957,0.9927088740980542,-0.12053668025532148,111,0,1,0,0,0,0,0
2025,25,112,2025-W25,2025-06-21,spring,0,1,0,17.702857142857145,24.58,20.945,7,12.475714285714286,15.67,14.165,7,19.83285714285714,23.5,22.875,7,26.97,60.54,2001,784,269,0.8229838658936557,0.5680647467311569,0.9350162426854158,-0.35460488704253307,0.8229838658936557,0.5680647467311569,0.9350162426854158,-0.35460488704253307,112,0,1,0,0,0,0,0
2025,26,113,2025-W26,2025-06-28,spring,0,1,0,23.648571428571433,29.89,26.77,7,13.144285714285715,15.0,13.835,7,21.214285714285715,23.25,22.875,7,30.35,49.28,1990,740,264,0.8854560256532098,0.4647231720437687,0.8229838658936566,-0.5680647467311556,0.8854560256532098,0.4647231720437687,0.8229838658936566,-0.5680647467311556,113,0,1,0,0,0,0,0
2025,27,114,2025-W27,2025-07-05,summer,0,0,1,19.957142857142856,27.68,22.77,7,8.95142857142857,11.33,11.0,7,13.821428571428571,17.75,16.25,7,22.62,65.98,2020,756,287,0.9350162426854146,0.35460488704253623,0.6631226582407962,-0.7485107481711002,0.9350162426854146,0.35460488704253623,0.6631226582407962,-0.7485107481711002,114,0,1,0,0,0,0,0
2025,28,115,2025-W28,2025-07-12,summer,0,0,1,18.665714285714284,24.26,21.435000000000002,7,11.379999999999999,16.0,12.5,7,18.024285714285714,23.5,20.25,7,25.74,59.79,1909,675,257,0.9709418174260521,0.23931566428755724,0.46472317204376756,-0.8854560256532104,0.9709418174260521,0.23931566428755724,0.46472317204376756,-0.8854560256532104,115,0,1,0,0,0,0,0
2025,29,116,2025-W29,2025-07-19,summer,0,0,1,15.827142857142857,18.85,17.025,7,10.23857142857143,15.0,11.165,7,18.155714285714286,24.0,22.5,7,23.89,71.94,1806,663,231,0.992708874098054,0.12053668025532306,0.23931566428755777,-0.970941817426052,0.992708874098054,0.12053668025532306,0.23931566428755777,-0.970941817426052,116,0,1,0,0,0,0,0
2025,30,117,2025-W30,2025-07-26,summer,0,0,1,19.125714285714285,25.31,20.03,7,9.237142857142857,12.33,11.665,7,13.428571428571429,18.75,16.25,7,22.07,69.83,1772,638,230,1.0,5.51091059616309e-16,1.102182119232618e-15,-1.0,1.0,5.51091059616309e-16,1.102182119232618e-15,-1.0,117,0,1,0,0,0,0,0
2025,31,118,2025-W31,2025-08-02,summer,0,0,1,17.39142857142857,21.55,20.35,7,8.95142857142857,14.67,9.665,7,15.417142857142858,25.25,18.96,7,23.34,69.87,1810,625,222,0.9927088740980541,-0.12053668025532195,-0.23931566428755563,-0.9709418174260526,0.9927088740980541,-0.12053668025532195,-0.23931566428755563,-0.9709418174260526,118,0,1,0,0,0,0,0
2025,32,119,2025-W32,2025-08-09,summer,0,0,1,18.314285714285713,22.29,19.955,7,19.76142857142857,22.0,21.0,7,30.464285714285715,33.5,33.25,7,29.64,56.76,1602,545,234,0.9709418174260525,-0.23931566428755616,-0.4647231720437656,-0.8854560256532115,0.9709418174260525,-0.23931566428755616,-0.4647231720437656,-0.8854560256532115,119,0,1,0,0,0,0,0
2025,33,120,2025-W33,2025-08-16,summer,0,0,1,12.817142857142859,14.45,13.39,7,10.76142857142857,13.67,13.0,7,17.035714285714285,23.0,20.625,7,24.79,67.46,1633,671,230,0.9350162426854156,-0.35460488704253357,-0.6631226582407919,-0.748510748171104,0.9350162426854156,-0.35460488704253357,-0.6631226582407919,-0.748510748171104,120,0,1,0,0,0,0,0
2025,34,121,2025-W34,2025-08-23,summer,0,0,1,18.795714285714286,25.79,21.05,7,11.524285714285714,18.33,13.835,7,16.785714285714285,26.75,19.75,7,21.09,82.82,1654,599,199,0.8854560256532096,-0.46472317204376923,-0.8229838658936574,-0.5680647467311545,0.8854560256532096,-0.46472317204376923,-0.8229838658936574,-0.5680647467311545,121,0,1,0,0,0,0,0
2025,35,122,2025-W35,2025-08-30,summer,0,0,1,24.99142857142857,32.49,30.475,7,8.62,12.67,10.835,7,13.535714285714286,21.5,17.375,7,20.47,78.62,1645,562,233,0.8229838658936562,-0.568064746731156,-0.9350162426854149,-0.3546048870425352,0.8229838658936562,-0.568064746731156,-0.9350162426854149,-0.3546048870425352,122,0,1,0,0,0,0,0
2025,36,123,2025-W36,2025-09-06,summer,0,0,1,29.447142857142858,39.67,32.795,7,13.047142857142857,27.0,13.829999999999998,7,20.357142857142858,38.75,23.25,7,20.33,79.8,1729,614,250,0.7485107481711013,-0.663122658240795,-0.992708874098054,-0.12053668025532366,0.7485107481711013,-0.663122658240795,-0.992708874098054,-0.12053668025532366,123,0,1,0,0,0,0,0
2025,37,124,2025-W37,2025-09-13,summer,0,0,1,29.677142857142858,44.62,32.67,7,11.855714285714285,23.33,11.75,7,20.762857142857143,39.5,22.21,7,20.89,79.09,1945,619,229,0.6631226582407959,-0.7485107481711005,-0.9927088740980542,0.12053668025532135,0.6631226582407959,-0.7485107481711005,-0.9927088740980542,0.12053668025532135,124,0,1,0,0,0,0,0
2025,38,125,2025-W38,2025-09-20,summer,0,0,1,27.775714285714287,42.74,29.159999999999997,7,13.81,29.67,15.0,7,20.25,43.25,20.875,7,17.87,83.43,2324,759,270,0.568064746731157,-0.8229838658936556,-0.9350162426854158,0.354604887042533,0.568064746731157,-0.8229838658936556,-0.9350162426854158,0.354604887042533,125,0,1,0,0,0,0,0
2025,39,126,2025-W39,2025-09-27,summer,0,0,1,31.49857142857143,43.13,37.07,7,10.975714285714286,18.0,14.0,7,19.66714285714286,36.0,25.335,7,14.82,76.99,2240,679,252,0.46472317204376873,-0.8854560256532098,-0.8229838658936566,0.5680647467311556,0.46472317204376873,-0.8854560256532098,-0.8229838658936566,0.5680647467311556,126,0,1,0,0,0,0,0
2025,40,127,2025-W40,2025-10-04,winter,1,0,0,40.09428571428572,50.05,45.95,7,28.191428571428577,49.67,41.335,7,41.32142857142857,69.33,56.0,7,15.13,75.83,2368,697,276,0.3546048870425363,-0.9350162426854146,-0.6631226582407963,0.7485107481711002,0.3546048870425363,-0.9350162426854146,-0.6631226582407963,0.7485107481711002,127,0,1,0,0,0,0,0
2025,41,128,2025-W41,2025-10-11,winter,1,0,0,43.395714285714284,48.76,46.09,7,33.38,54.33,43.165,7,44.5,69.0,54.0,7,15.63,81.58,2587,810,348,0.23931566428755902,-0.9709418174260517,-0.46472317204377084,0.8854560256532087,0.23931566428755902,-0.9709418174260517,-0.46472317204377084,0.8854560256532087,128,0,1,0,0,0,0,0
2025,42,129,2025-W42,2025-10-18,winter,1,0,0,37.550000000000004,46.13,41.43,7,23.38,31.33,28.33,7,30.571428571428573,39.25,37.75,7,13.16,83.1,2596,833,293,0.12053668025532488,-0.9927088740980538,-0.23931566428756132,0.9709418174260511,0.12053668025532488,-0.9927088740980538,-0.23931566428756132,0.9709418174260511,129,0,1,0,0,0,0,0
2025,43,130,2025-W43,2025-10-25,winter,1,0,0,41.36714285714286,54.24,44.615,7,17.284285714285712,37.0,19.665,7,24.392857142857142,47.75,29.0,7,12.29,79.43,2622,804,319,6.123233995736766e-16,-1.0,-1.2246467991473533e-15,1.0,6.123233995736766e-16,-1.0,-1.2246467991473533e-15,1.0,130,0,1,0,0,0,0,0
2025,44,131,2025-W44,2025-11-01,winter,1,0,0,43.67142857142857,55.47,52.504999999999995,7,22.284285714285716,32.67,28.665,7,30.535714285714285,41.5,37.25,7,11.23,85.64,2626,873,324,-0.12053668025532366,-0.992708874098054,0.23931566428755896,0.9709418174260518,-0.12053668025532366,-0.992708874098054,0.23931566428755896,0.9709418174260518,131,0,1,0,0,0,0,0
2025,45,132,2025-W45,2025-11-08,winter,1,0,0,54.31714285714286,60.95,56.355000000000004,7,40.75999999999999,58.33,45.665,7,51.035714285714285,74.5,55.0,7,9.88,86.04,2769,976,333,-0.23931566428755782,-0.970941817426052,0.4647231720437687,0.8854560256532098,-0.23931566428755782,-0.970941817426052,0.4647231720437687,0.8854560256532098,132,0,1,0,0,0,0,0
2025,46,133,2025-W46,2025-11-15,winter,1,0,0,32.79,43.59,33.525000000000006,7,20.47714285714286,57.0,21.835,7,26.285714285714285,70.5,28.125,7,8.37,84.75,2963,1105,362,-0.3546048870425352,-0.9350162426854149,0.6631226582407945,0.7485107481711017,-0.3546048870425352,-0.9350162426854149,0.6631226582407945,0.7485107481711017,133,0,1,0,0,0,0,0
2025,47,134,2025-W47,2025-11-22,winter,1,0,0,47.87714285714286,58.39,53.66,7,21.38,31.0,25.33,7,27.321428571428573,41.0,34.5,7,3.75,78.99,3108,1199,405,-0.46472317204376923,-0.8854560256532096,0.8229838658936572,0.5680647467311546,-0.46472317204376923,-0.8854560256532096,0.8229838658936572,0.5680647467311546,134,0,1,0,0,0,0,0
2025,48,135,2025-W48,2025-11-29,winter,1,0,0,48.39428571428572,63.16,53.03,7,34.714285714285715,46.0,42.665,7,41.107142857142854,52.0,51.375,7,6.51,90.04,3365,1353,504,-0.5680647467311545,-0.8229838658936574,0.9350162426854137,0.3546048870425386,-0.5680647467311545,-0.8229838658936574,0.9350162426854137,0.3546048870425386,135,0,1,0,0,0,0,0
2025,49,136,2025-W49,2025-12-06,winter,1,0,0,48.31,56.05,54.765,7,38.14142857142856,49.33,40.0,7,47.214285714285715,62.0,50.75,7,5.81,92.97,4241,1916,628,-0.6631226582407949,-0.7485107481711013,0.9927088740980539,0.12053668025532378,-0.6631226582407949,-0.7485107481711013,0.9927088740980539,0.12053668025532378,136,0,1,0,0,0,0,0
2025,50,137,2025-W50,2025-12-13,winter,1,0,0,47.29714285714285,60.72,52.375,7,31.810000000000002,48.33,38.0,7,37.892857142857146,58.5,45.375,7,6.47,94.93,4313,2020,689,-0.7485107481711017,-0.6631226582407945,0.9927088740980538,-0.12053668025532475,-0.7485107481711017,-0.6631226582407945,0.9927088740980538,-0.12053668025532475,137,0,1,0,0,0,0,0
2025,51,138,2025-W51,2025-12-20,winter,1,0,0,32.77571428571429,42.74,40.114999999999995,7,20.499999999999996,41.33,26.665,7,25.428571428571427,54.0,32.75,7,7.25,90.63,3893,1660,693,-0.8229838658936556,-0.568064746731157,0.9350162426854158,-0.3546048870425329,-0.8229838658936556,-0.568064746731157,0.9350162426854158,-0.3546048870425329,138,0,1,0,0,0,0,0
2025,52,139,2025-W52,2025-12-27,winter,1,0,0,44.494285714285716,54.88,49.065,7,45.33428571428571,143.67,40.0,7,55.142857142857146,183.75,45.375,7,3.41,87.31,4123,1770,700,-0.8854560256532098,-0.4647231720437688,0.8229838658936567,-0.5680647467311554,-0.8854560256532098,-0.4647231720437688,0.8229838658936567,-0.5680647467311554,139,0,1,0,0,0,1,0
2026,1,140,2026-W01,2025-12-29,winter,1,0,0,44.24428571428571,54.88,49.39,7,51.33428571428571,143.67,43.165,7,61.964285714285715,183.75,49.625,7,2.19,89.7,3200,1214,634,-0.935016242685414,-0.354604887042538,0.6631226582407991,-0.7485107481710978,-0.935016242685414,-0.354604887042538,0.6631226582407991,-0.7485107481710978,140,0,1,0,0,0,0,0
2026,2,141,2026-W02,2026-01-05,winter,1,0,0,51.33428571428573,60.02,55.91,7,34.52428571428572,52.0,46.17,7,41.642857142857146,62.25,55.75,7,1.05,69.81,2716,941,467,-0.9709418174260517,-0.23931566428755907,0.4647231720437709,-0.8854560256532087,-0.9709418174260517,-0.23931566428755907,0.4647231720437709,-0.8854560256532087,141,0,1,0,0,0,0,0
2026,3,142,2026-W03,2026-01-12,winter,1,0,0,48.052857142857135,55.61,50.205,7,41.379999999999995,55.0,50.5,7,48.285714285714285,60.5,55.125,7,5.35,86.2,2726,901,430,-0.992708874098054,-0.12053668025532319,0.23931566428755802,-0.970941817426052,-0.992708874098054,-0.12053668025532319,0.23931566428755802,-0.970941817426052,142,0,1,0,0,0,0,0
2026,4,143,2026-W04,2026-01-19,winter,1,0,0,44.72571428571429,60.1,49.405,7,33.715714285714284,52.67,44.665,7,41.0,66.0,54.375,7,3.36,85.36,2807,828,386,-1.0,1.1028010998692062e-15,-2.2056021997384123e-15,-1.0,-1.0,1.1028010998692062e-15,-2.2056021997384123e-15,-1.0,143,0,1,0,0,0,0,0
2026,5,144,2026-W05,2026-01-26,winter,1,0,0,43.16428571428571,57.4,41.87,7,28.57,41.0,36.5,7,34.75,50.5,44.375,7,4.75,92.46,2841,857,340,-0.9927088740980542,0.12053668025532183,-0.23931566428755538,-0.9709418174260526,-0.9927088740980542,0.12053668025532183,-0.23931566428755538,-0.9709418174260526,144,0,1,0,0,0,0,0
2026,6,145,2026-W06,2026-02-02,winter,1,0,0,42.00142857142857,48.2,44.425,7,24.142857142857142,44.33,33.0,7,29.75,54.33,41.085,7,6.05,91.11,2787,819,342,-0.970941817426052,0.23931566428755777,-0.46472317204376856,-0.8854560256532099,-0.970941817426052,0.23931566428755777,-0.46472317204376856,-0.8854560256532099,145,0,1,0,0,0,0,0
2026,7,146,2026-W07,2026-02-09,winter,1,0,0,40.378571428571426,45.03,41.620000000000005,7,19.52285714285714,31.67,22.83,7,24.964285714285715,41.5,27.875,7,8.75,82.05,3016,899,365,-0.9350162426854156,0.35460488704253346,-0.6631226582407918,-0.7485107481711042,-0.9350162426854156,0.35460488704253346,-0.6631226582407918,-0.7485107481711042,146,0,1,0,0,0,0,0
2026,8,147,2026-W08,2026-02-16,winter,1,0,0,41.50142857142857,55.04,43.965,7,17.665714285714284,34.33,17.5,7,23.357142857142858,41.75,23.875,7,8.03,73.55,2834,886,346,-0.8854560256532104,0.46472317204376756,-0.8229838658936551,-0.5680647467311577,-0.8854560256532104,0.46472317204376756,-0.8229838658936551,-0.5680647467311577,147,0,1,0,0,0,0,0
2026,9,148,2026-W09,2026-02-23,winter,1,0,0,42.54,52.23,48.379999999999995,7,37.24,43.67,42.335,7,49.357142857142854,57.5,56.125,7,10.09,86.79,2702,915,339,-0.8229838658936564,0.5680647467311559,-0.9350162426854149,-0.3546048870425354,-0.8229838658936564,0.5680647467311559,-0.9350162426854149,-0.3546048870425354,148,0,1,0,0,0,0,0
2026,10,149,2026-W10,2026-03-02,winter,1,0,0,37.87428571428571,47.54,42.75,7,39.951428571428565,46.33,44.0,7,52.57142857142857,60.0,57.375,7,10.19,82.88,2718,781,322,-0.7485107481711025,0.6631226582407935,-0.9927088740980534,-0.12053668025532742,-0.7485107481711025,0.6631226582407935,-0.9927088740980534,-0.12053668025532742,149,0,1,0,0,0,0,0
2026,11,150,2026-W11,2026-03-09,winter,1,0,0,35.50857142857143,42.94,42.6,7,31.5,46.67,42.0,7,41.42857142857143,60.75,55.375,7,10.98,81.9,2733,835,356,-0.663122658240796,0.7485107481711004,-0.9927088740980542,0.12053668025532112,-0.663122658240796,0.7485107481711004,-0.9927088740980542,0.12053668025532112,150,0,1,0,0,0,0,0
2026,12,151,2026-W12,2026-03-16,winter,1,0,0,30.59857142857143,39.58,33.83,7,13.81,22.67,18.0,7,22.5,34.0,28.835,7,10.99,59.9,2684,807,299,-0.5680647467311556,0.8229838658936566,-0.9350162426854146,0.3546048870425361,-0.5680647467311556,0.8229838658936566,-0.9350162426854146,0.3546048870425361,151,0,1,0,0,0,0,0
2026,13,152,2026-W13,2026-03-23,winter,1,0,0,34.49285714285715,53.08,41.21,7,13.595714285714285,25.5,21.335,7,22.071428571428573,42.33,33.335,7,11.1,47.94,2599,806,323,-0.4647231720437704,0.8854560256532089,-0.8229838658936588,0.5680647467311524,-0.4647231720437704,0.8854560256532089,-0.8229838658936588,0.5680647467311524,152,0,1,0,0,0,0,0
2026,14,153,2026-W14,2026-03-30,spring,0,1,0,32.887142857142855,44.81,41.394999999999996,7,10.429999999999998,18.0,14.5,7,20.01142857142857,30.75,25.665,7,14.02,31.97,2542,808,318,-0.3546048870425364,0.9350162426854145,-0.6631226582407965,0.7485107481711,-0.3546048870425364,0.9350162426854145,-0.6631226582407965,0.7485107481711,153,0,1,0,0,0,0,0
2026,15,154,2026-W15,2026-04-06,spring,0,1,0,22.332857142857144,26.86,25.165,7,12.855714285714285,16.0,14.83,7,23.952857142857145,31.0,28.25,7,17.08,57.17,2803,866,357,-0.2393156642875574,0.9709418174260521,-0.4647231720437679,0.8854560256532102,-0.2393156642875574,0.9709418174260521,-0.4647231720437679,0.8854560256532102,154,0,1,0,0,0,0,0
2026,16,155,2026-W16,2026-04-13,spring,0,1,0,26.695714285714285,31.63,30.994999999999997,7,16.237142857142857,24.0,18.165,7,25.881428571428575,35.25,32.625,7,17.47,70.55,2588,775,317,-0.120536680255325,0.9927088740980538,-0.23931566428756157,0.9709418174260511,-0.120536680255325,0.9927088740980538,-0.23931566428756157,0.9709418174260511,155,0,1,0,0,0,0,0
