year;week;week_start;week_end;NO2_day1;NO2_day2;NO2_day3;NO2_day4;NO2_day5;NO2_day6;NO2_day7;PM25_day1;PM25_day2;PM25_day3;PM25_day4;PM25_day5;PM25_day6;PM25_day7;PM10_day1;PM10_day2;PM10_day3;PM10_day4;PM10_day5;PM10_day6;PM10_day7;respiratory_disease;ILI;pneumonia;temp_mean;humidity_mean;precip_total_mm;wind_speed_mean;pressure_mean
2023;18;2023-05-03;2023-05-09;22.72;27.58;31.43;30.75;16.45;24.57;22.08;6.33;11.33;16.0;12.33;9.33;10.67;11.0;14.5;18.75;27.5;23.0;15.0;16.0;17.25;2616;840;300;18.13;70.85;50.7;7.22;1000.7
2023;19;2023-05-10;2023-05-16;20.43;23.5;26.61;19.89;15.96;24.16;30.43;9.67;5.67;5.5;5.0;5.0;6.0;9.67;12.0;12.0;8.25;10.25;7.75;12.25;17.25;2293;645;240;14.44;81.62;76.0;7.81;994.06
2023;20;2023-05-17;2023-05-23;28.62;28.46;27.03;28.65;20.67;32.83;33.59;6.33;8.0;8.67;7.33;9.33;13.0;14.33;14.0;15.25;15.75;11.75;15.0;21.75;26.0;2175;639;220;16.67;78.17;27.2;8.43;997.53
2023;21;2023-05-24;2023-05-30;30.91;22.43;25.96;22.1;15.95;22.1;26.64;14.33;9.67;13.0;11.67;15.0;12.0;14.33;25.0;16.75;23.5;21.0;20.5;18.5;24.5;2720;861;238;19.84;73.72;33.8;7.91;999.06
2023;22;2023-05-31;2023-06-06;26.62;26.06;18.57;18.47;18.15;22.06;24.06;12.33;16.33;12.33;9.33;10.33;8.0;17.0;20.25;26.0;19.25;12.75;14.25;12.0;23.75;2549;1015;264;19.9;75.58;21.2;6.05;998.39
2023;23;2023-06-07;2023-06-13;23.56;25.28;21.7;16.01;16.47;20.14;22.23;12.0;16.0;15.0;11.33;12.0;9.0;10.5;16.0;19.33;20.25;17.75;17.0;14.5;19.0;1999;648;216;21.04;76.49;24.5;6.6;995.49
2023;24;2023-06-14;2023-06-20;24.47;23.47;28.83;22.0;19.82;18.82;29.24;11.0;16.0;15.33;14.67;14.0;15.33;13.67;17.67;23.0;23.25;22.0;21.25;22.0;20.5;1840;665;199;22.73;66.98;16.0;7.35;997.39
2023;25;2023-06-21;2023-06-27;30.79;39.43;27.49;24.15;18.35;28.88;28.83;15.67;23.33;13.67;12.33;8.33;17.0;21.33;28.0;41.0;26.75;17.75;15.25;27.0;31.75;1669;662;176;27.36;46.38;0.6;9.17;998.83
2023;26;2023-06-28;2023-07-04;23.11;23.59;35.86;20.24;20.31;16.79;19.7;16.0;12.33;16.5;16.5;12.33;10.0;8.0;27.0;21.0;26.0;22.67;18.25;18.67;18.33;1707;649;205;23.12;70.43;45.7;8.05;995.24
2023;27;2023-07-05;2023-07-11;23.69;27.48;29.26;22.46;21.41;29.09;26.73;11.0;11.0;10.0;13.0;14.67;20.0;20.67;15.5;15.5;16.5;18.5;22.5;30.5;38.0;1602;632;165;25.17;67.51;16.6;6.0;1001.03
2023;28;2023-07-12;2023-07-18;25.72;23.49;29.57;23.81;21.04;15.75;20.85;16.0;11.67;10.67;15.0;15.0;15.33;17.67;35.0;20.5;19.0;25.0;25.5;29.5;35.0;1620;605;183;25.68;72.85;45.7;7.18;998.53
2023;29;2023-07-19;2023-07-25;21.62;21.15;24.53;18.24;14.84;25.56;20.69;18.33;16.0;13.33;10.67;14.33;17.0;9.67;33.75;28.0;18.5;17.5;21.75;23.0;14.25;1551;570;169;23.82;77.48;66.3;7.16;993.37
2023;30;2023-07-26;2023-08-01;24.21;19.77;26.17;14.4;16.16;23.92;22.88;3.5;6.0;10.67;8.0;8.5;10.5;10.0;6.67;12.33;20.75;15.0;11.67;16.33;18.0;1558;548;159;23.56;67.38;5.7;8.64;994.23
2023;31;2023-08-02;2023-08-08;19.64;20.68;22.8;15.91;15.24;17.98;22.5;11.67;8.67;7.67;6.33;2.33;3.0;5.67;23.25;19.5;18.0;10.25;5.0;6.5;10.25;1453;540;144;22.33;60.82;22.2;10.6;991.49
2023;32;2023-08-09;2023-08-15;26.35;21.54;19.27;17.84;15.36;16.65;13.91;8.0;11.0;11.67;12.67;13.33;15.33;13.67;15.0;20.75;22.25;21.0;19.5;21.75;21.75;1347;505;194;25.56;60.76;1.4;6.34;1001.08
2023;33;2023-08-16;2023-08-22;15.68;14.47;17.44;17.53;15.18;23.14;27.02;16.0;10.33;12.0;17.67;15.67;16.33;17.33;22.25;16.5;22.75;32.0;26.33;28.25;28.75;1495;591;205;28.28;61.01;7.7;5.85;1000.38
2023;34;2023-08-23;2023-08-29;24.56;24.98;19.42;16.22;15.21;16.81;25.73;17.67;18.67;16.67;10.5;11.33;6.33;4.33;31.0;31.25;29.5;19.67;16.75;9.25;8.75;1680;664;264;25.27;65.43;123.1;10.66;992.11
2023;35;2023-08-30;2023-09-05;27.51;19.14;18.08;24.59;32.1;26.46;27.14;7.67;8.0;7.0;12.0;13.67;15.33;9.33;12.75;14.75;15.5;20.0;20.5;24.75;18.75;1624;517;195;21.71;70.04;0.8;7.01;1000.28
2023;36;2023-09-06;2023-09-12;36.79;42.66;42.27;42.54;36.92;43.74;36.06;13.33;15.33;16.67;20.33;25.0;26.0;20.5;23.5;26.0;28.75;34.0;40.0;40.33;32.0;1831;636;218;23.01;68.06;0.0;4.57;1001.19
2023;37;2023-09-13;2023-09-19;35.79;31.75;32.65;27.1;18.41;32.67;32.07;16.5;14.0;9.0;18.0;13.0;16.0;9.67;23.67;22.33;14.67;23.0;17.75;34.0;21.25;2076;626;229;20.88;83.52;86.3;6.2;999.69
2023;38;2023-09-20;2023-09-26;34.2;30.11;23.11;20.98;33.94;35.38;40.74;13.33;12.67;8.33;3.33;4.33;7.33;10.33;27.25;21.0;16.0;9.75;10.75;15.25;21.25;2422;661;236;17.98;78.98;50.7;8.3;997.49
2023;39;2023-09-27;2023-10-03;46.15;46.73;57.52;54.32;44.0;52.23;39.87;15.33;17.33;22.33;28.33;29.33;36.33;36.33;31.0;35.25;44.5;48.0;46.0;56.5;54.5;2486;677;258;20.02;76.45;0.0;4.29;1004.63
2023;40;2023-10-04;2023-10-10;26.61;31.9;46.37;42.95;35.8;35.99;33.7;22.67;16.33;25.33;29.0;18.33;13.67;15.67;37.0;29.75;43.25;45.75;36.75;39.5;40.0;2711;723;282;19.77;77.69;0.9;6.5;1005.41
2023;41;2023-10-11;2023-10-17;46.21;36.81;22.99;25.47;23.13;25.79;41.6;32.33;24.0;9.67;13.33;13.0;5.0;11.67;61.75;44.75;23.75;25.5;20.25;17.0;28.25;2564;699;276;17.5;71.93;0.0;7.86;1000.79
2023;42;2023-10-18;2023-10-24;36.88;33.98;36.05;38.72;26.83;46.92;34.22;19.67;17.33;9.0;11.67;7.33;11.67;10.0;34.75;25.25;19.25;23.5;13.75;22.0;13.75;2322;673;255;14.25;85.57;89.2;7.46;989.71
2023;43;2023-10-25;2023-10-31;34.33;33.79;35.36;42.0;26.04;28.61;30.32;18.67;24.67;12.33;14.67;7.67;15.67;6.0;29.25;37.0;21.5;27.0;15.25;21.5;12.5;2466;721;287;14.1;86.99;112.5;7.83;987.06
2023;44;2023-11-01;2023-11-07;33.14;27.57;34.49;37.49;25.12;37.17;44.5;11.0;9.0;6.0;9.5;6.0;15.33;18.0;22.0;10.67;13.0;18.5;8.5;27.0;29.67;2492;723;296;10.33;87.17;85.9;8.36;984.45
2023;45;2023-11-08;2023-11-14;45.11;48.83;34.42;40.06;37.82;53.37;49.15;16.0;17.33;12.0;14.0;20.33;31.33;35.0;25.5;22.5;16.75;19.75;25.75;40.5;51.0;2587;743;303;8.15;85.38;9.2;6.51;995.33
2023;46;2023-11-15;2023-11-21;40.3;55.27;38.52;48.81;55.42;53.89;49.29;21.0;23.33;14.67;11.33;28.67;42.0;34.67;30.75;36.25;21.5;21.5;38.5;54.25;54.5;2880;936;348;9.26;72.99;0.2;8.4;998.37
2023;47;2023-11-22;2023-11-28;54.29;58.65;58.03;25.68;39.15;53.79;44.99;19.0;24.67;27.0;2.67;8.33;19.0;22.0;33.25;38.5;38.75;9.5;14.25;27.0;28.75;3263;1017;397;6.25;67.47;0.9;11.48;992.38
2023;48;2023-11-29;2023-12-05;52.96;41.77;37.51;31.19;41.11;47.21;42.55;15.0;17.33;19.33;8.0;9.67;18.33;27.33;24.5;23.25;24.0;11.5;15.5;24.75;31.75;3511;1252;441;4.06;77.96;45.2;8.69;991.21
2023;49;2023-12-06;2023-12-12;50.79;71.95;50.7;37.45;33.77;39.34;49.07;36.33;49.67;20.33;25.33;24.33;33.67;38.33;48.75;64.75;30.25;31.75;27.25;46.75;55.0;4745;1872;567;3.06;91.76;6.1;5.71;997.78
2023;50;2023-12-13;2023-12-19;47.08;39.58;54.89;50.33;38.81;48.96;70.5;31.0;34.33;40.0;20.33;38.33;46.33;46.33;40.0;45.0;56.0;33.0;45.0;56.5;68.25;4529;1771;627;4.1;87.55;4.8;6.83;1007.7
2023;51;2023-12-20;2023-12-26;80.39;68.07;53.68;44.99;27.24;41.57;45.53;61.33;56.33;12.33;10.0;8.0;16.0;34.67;77.75;67.75;25.0;19.0;17.75;25.25;45.5;4940;2122;750;7.3;80.36;0.0;10.44;994.97
2023;52;2023-12-27;2024-01-02;46.77;46.38;43.48;42.15;46.82;31.73;39.83;40.5;37.5;28.0;31.33;37.33;31.0;24.0;49.67;46.33;38.0;41.25;44.25;36.25;30.0;4092;1765;731;6.47;90.18;10.1;5.3;1002.25
2024;1;2024-01-04;2024-01-10;60.71;43.25;33.86;37.34;48.49;31.98;32.27;29.67;23.33;15.33;15.67;11.33;10.67;15.67;43.5;27.25;17.25;17.75;18.5;20.25;21.75;2987;1012;534;5.41;84.3;34.4;7.37;993.67
2024;2;2024-01-11;2024-01-17;49.39;62.87;58.01;46.27;54.24;55.25;55.35;27.0;42.33;44.67;41.67;46.0;50.0;37.0;37.25;55.5;54.75;47.25;56.5;63.5;44.25;2577;902;394;1.72;89.39;4.9;5.6;996.98
2024;3;2024-01-18;2024-01-24;47.5;39.52;46.75;57.91;67.39;68.33;75.93;38.67;27.0;10.67;27.67;35.0;36.0;49.67;47.0;34.5;20.5;36.5;46.5;52.5;69.5;2625;800;310;1.93;77.02;9.9;7.65;1004.49
2024;4;2024-01-25;2024-01-31;72.61;77.81;55.75;49.46;55.8;67.0;78.05;71.33;81.33;63.0;47.0;42.0;48.0;60.67;92.0;104.0;78.75;61.5;57.0;64.0;81.5;2684;890;339;2.93;89.59;0.0;6.09;1014.06
2024;5;2024-02-01;2024-02-07;73.68;74.71;61.99;47.49;38.12;54.93;43.33;57.0;68.0;51.67;29.0;25.33;76.67;41.0;83.5;88.25;67.5;39.0;36.0;100.25;57.75;2891;910;366;6.87;87.64;0.3;7.86;1006.22
2024;6;2024-02-08;2024-02-14;55.99;30.46;27.86;28.19;44.45;47.89;57.97;29.67;28.33;7.0;7.33;21.33;29.0;28.0;48.25;34.0;9.0;10.75;30.25;43.0;43.0;2880;913;348;8.32;87.85;71.1;8.46;988.51
2024;7;2024-02-15;2024-02-21;69.49;74.44;70.53;60.74;49.85;50.03;52.21;50.33;72.67;82.67;97.67;81.67;73.67;51.67;69.0;98.75;105.25;116.75;110.25;95.25;64.75;2839;962;326;8.56;86.2;0.0;4.44;1007.24
2024;8;2024-02-22;2024-02-28;44.43;38.79;33.8;25.39;29.8;43.49;43.64;40.0;8.67;16.33;12.33;6.67;7.0;9.5;51.5;13.5;22.0;15.5;9.0;9.67;15.67;2862;982;301;7.72;88.22;151.1;9.63;990.23
2024;9;2024-03-01;2024-03-07;44.91;25.96;12.26;29.06;36.57;29.74;34.94;14.67;10.0;8.33;7.67;12.67;5.67;18.33;17.5;11.75;11.5;12.25;19.75;10.5;26.25;2841;903;350;9.34;84.24;71.1;10.51;992.44
2024;10;2024-03-08;2024-03-14;23.34;18.99;18.11;27.47;34.39;38.84;34.29;17.33;11.67;7.0;11.0;11.67;18.0;28.33;26.0;14.5;8.25;14.75;18.5;29.0;39.5;2958;989;358;9.34;78.55;51.8;10.43;993.73
2024;11;2024-03-15;2024-03-21;19.44;29.88;30.38;22.83;22.02;25.2;38.54;7.33;12.0;24.67;11.67;33.67;27.0;32.33;15.25;21.5;34.25;19.75;45.0;35.75;43.75;3052;1057;388;12.25;82.65;1.9;6.72;1001.38
2024;12;2024-03-22;2024-03-28;31.87;39.96;15.91;31.07;36.62;28.0;39.76;44.0;27.0;3.33;8.33;13.67;10.67;8.0;60.0;38.5;4.5;13.75;19.25;12.0;11.75;3192;1098;394;10.41;69.73;35.2;8.84;988.87
2024;13;2024-03-29;2024-04-04;46.24;23.42;17.74;17.12;28.66;43.17;36.71;18.0;18.67;10.67;6.67;6.0;10.0;10.67;23.75;56.75;40.5;18.25;12.67;18.67;20.33;2909;1020;384;11.89;81.68;67.7;10.8;992.89
2024;14;2024-04-05;2024-04-11;24.32;28.4;36.87;45.47;32.03;31.52;27.74;8.0;9.67;12.33;23.67;23.33;4.33;9.0;17.75;19.5;23.75;40.5;36.25;7.75;19.5;3017;1041;378;14.64;77.03;17.8;8.4;1003.21
2024;15;2024-04-12;2024-04-18;45.01;48.84;39.41;21.31;19.62;21.99;31.9;16.67;21.33;22.0;11.67;10.33;7.0;8.67;31.75;33.75;37.25;24.25;22.75;15.5;16.75;2739;1007;402;15.74;64.33;0.6;9.91;998.17
2024;16;2024-04-19;2024-04-25;28.23;18.05;21.7;24.28;28.82;29.45;19.31;6.67;4.0;3.67;3.0;5.0;8.0;10.0;18.5;11.5;8.0;5.0;8.0;13.67;14.25;2943;977;369;9.43;64.98;34.3;9.46;993.4
2024;17;2024-04-26;2024-05-02;27.4;26.45;19.65;37.8;43.13;25.96;21.65;9.67;12.0;10.33;9.33;12.0;16.0;5.67;15.5;17.75;19.5;28.5;31.25;26.33;9.25;2807;973;370;13.79;79.69;70.6;7.74;996.92
2024;18;2024-05-03;2024-05-09;21.06;18.6;11.47;26.09;30.07;21.18;26.12;5.33;5.33;5.33;6.67;9.0;6.5;10.0;9.75;9.0;11.0;13.75;15.5;12.67;14.33;2960;1037;402;15.18;79.53;47.1;6.75;997.58
2024;19;2024-05-10;2024-05-16;28.76;29.47;24.12;24.86;24.33;26.29;29.69;11.0;13.0;14.0;10.0;21.5;7.5;9.67;19.0;22.0;24.0;14.5;33.33;9.0;13.5;2746;957;393;17.21;79.08;150.1;8.17;996.5
2024;20;2024-05-17;2024-05-23;25.59;22.81;18.9;28.6;15.26;19.84;32.88;7.33;8.33;9.33;12.33;7.0;5.33;6.0;13.0;15.25;16.25;27.0;11.0;14.75;12.75;2712;884;372;16.59;80.55;54.1;6.76;993.86
2024;21;2024-05-24;2024-05-30;30.18;21.77;23.74;27.29;19.6;24.54;24.48;8.33;6.33;5.33;10.0;11.0;8.5;11.67;13.75;10.0;10.75;17.5;19.75;18.0;18.0;2776;943;380;18.08;79.32;42.0;5.56;998.03
2024;22;2024-05-31;2024-06-06;24.65;18.66;15.28;18.67;17.5;17.11;15.09;4.33;4.33;5.67;7.0;6.67;7.67;7.33;8.0;13.0;15.0;14.5;14.0;15.25;16.5;2738;912;398;18.52;75.21;22.3;8.39;995.74
2024;23;2024-06-07;2024-06-13;16.34;15.21;19.39;14.15;14.58;17.85;16.27;10.33;9.0;12.33;9.0;8.33;5.33;5.67;19.0;17.5;26.0;19.67;15.33;9.33;8.33;2592;915;398;20.15;79.64;100.3;7.16;994.04
2024;24;2024-06-14;2024-06-20;18.24;18.95;16.96;12.59;21.4;24.09;24.08;8.0;10.33;7.67;7.33;12.67;15.0;15.0;15.25;18.0;14.0;17.67;27.67;28.33;36.25;2381;934;388;21.8;73.02;3.8;6.55;998.19
2024;25;2024-06-21;2024-06-27;29.47;17.26;12.67;21.16;26.03;28.25;21.25;16.33;5.33;2.33;6.67;7.5;10.5;11.0;47.25;15.5;7.25;13.0;12.75;17.33;18.5;2509;957;400;20.8;80.62;61.9;7.29;995.46
2024;26;2024-06-28;2024-07-04;19.2;26.11;9.56;10.27;18.03;17.27;21.7;10.5;21.67;11.0;9.0;8.0;4.67;11.33;14.5;29.25;24.25;18.75;18.5;10.67;18.33;2524;988;425;22.47;78.65;33.0;8.35;994.48
2024;27;2024-07-05;2024-07-11;27.09;17.96;13.91;15.07;23.36;26.91;19.42;9.67;9.0;9.33;10.33;15.67;15.5;14.0;17.25;17.75;16.25;19.67;28.33;31.0;25.0;2500;903;434;23.89;76.01;19.9;5.62;997.05
2024;28;2024-07-12;2024-07-18;18.16;15.87;13.18;25.29;16.24;14.58;24.36;12.5;10.0;6.0;9.0;11.0;10.5;15.0;22.67;16.0;17.5;23.5;25.5;25.33;28.75;2434;975;484;24.81;75.93;59.1;6.22;995.82
2024;29;2024-07-19;2024-07-25;29.91;19.41;18.02;21.11;24.11;26.22;21.95;16.0;7.0;10.0;12.0;12.0;14.33;10.0;34.25;16.0;17.5;22.5;23.75;26.0;21.75;2351;952;439;25.95;72.67;4.4;6.7;995.47
2024;30;2024-07-26;2024-08-01;23.23;20.46;15.74;18.23;25.31;23.22;22.32;9.0;11.67;14.67;10.67;11.0;15.33;17.67;22.5;27.25;25.0;23.25;24.75;30.0;30.0;2336;936;405;27.46;68.09;14.4;6.54;997.95
2024;31;2024-08-02;2024-08-08;21.58;21.09;15.59;19.86;19.5;18.85;20.3;11.0;14.0;10.67;10.33;14.0;12.0;8.67;23.75;28.25;18.0;20.75;27.0;25.5;17.75;2285;885;472;26.29;69.1;21.0;6.55;994.0
2024;32;2024-08-09;2024-08-15;23.65;21.35;20.09;19.62;19.62;17.09;11.79;14.33;15.0;16.33;16.33;15.67;11.0;8.67;25.25;25.0;26.75;27.25;25.5;22.0;19.25;1923;734;395;27.68;65.98;1.7;5.52;997.78
2024;33;2024-08-16;2024-08-22;14.33;12.25;10.54;16.21;20.41;23.91;17.02;10.67;9.33;7.0;7.0;9.0;12.0;14.0;23.0;22.75;15.0;16.75;18.0;22.75;27.0;2042;764;384;25.0;71.19;29.0;7.14;994.39
2024;34;2024-08-23;2024-08-29;17.32;18.45;11.91;22.2;24.28;22.94;30.99;9.67;11.67;11.67;9.67;11.33;15.0;17.67;27.0;22.67;19.75;20.0;23.0;28.25;33.5;2022;798;388;25.07;69.27;17.2;5.61;998.88
2024;35;2024-08-30;2024-09-05;33.76;34.25;28.68;27.05;29.98;23.54;26.0;19.33;22.0;18.0;15.0;11.0;10.0;7.5;34.5;38.0;31.5;24.5;22.67;22.0;13.33;2198;816;390;24.16;72.39;70.5;6.57;997.35
2024;36;2024-09-06;2024-09-12;24.99;26.12;20.57;18.32;33.22;27.93;22.22;8.5;8.5;12.5;3.5;7.0;10.67;4.67;17.0;18.0;25.33;9.67;15.75;20.25;9.75;2018;712;370;20.63;78.67;63.7;8.21;992.12
2024;37;2024-09-13;2024-09-19;19.91;16.29;27.96;32.78;28.81;32.94;29.13;4.0;3.0;6.67;6.0;6.5;6.67;7.33;9.5;8.25;15.0;16.0;13.5;15.5;18.75;2053;652;350;16.62;57.6;12.3;13.31;997.32
2024;38;2024-09-20;2024-09-26;38.99;36.87;34.63;35.32;24.31;34.37;35.07;12.67;14.67;17.0;14.5;11.5;8.5;10.0;25.75;28.25;28.5;32.0;21.25;17.75;20.0;2394;749;344;17.37;80.52;23.5;6.93;997.76
2024;39;2024-09-27;2024-10-03;22.46;22.57;19.93;25.57;31.85;25.55;23.34;9.67;5.0;3.33;5.33;13.33;13.67;7.33;19.75;11.0;9.67;14.33;29.0;19.67;12.67;2907;885;437;16.55;78.17;58.4;8.02;995.08
2024;40;2024-10-04;2024-10-10;26.02;27.37;30.27;36.34;22.45;25.78;26.0;5.33;8.33;11.33;17.67;9.67;12.67;7.0;9.67;14.33;19.67;27.67;15.33;21.67;11.67;2821;859;391;14.08;88.74;75.2;7.26;991.6
2024;41;2024-10-11;2024-10-17;36.81;30.08;24.94;37.34;35.81;28.33;24.24;10.67;11.0;12.67;19.0;22.33;22.5;8.0;20.67;19.67;21.67;30.0;34.0;35.33;11.5;2809;925;427;15.42;86.73;52.4;8.31;1000.74
2024;42;2024-10-18;2024-10-24;32.52;39.17;27.24;30.91;45.14;39.38;21.66;7.33;9.67;9.67;15.0;24.67;26.67;11.33;11.25;16.0;14.25;27.33;48.0;41.25;17.0;2810;856;405;16.1;89.79;55.4;7.26;1007.0
2024;43;2024-10-25;2024-10-31;26.67;24.88;25.38;34.77;38.8;39.73;47.51;21.0;8.33;14.0;18.33;21.0;24.0;30.33;27.67;12.25;25.5;29.75;35.33;40.25;51.5;2750;889;393;14.96;92.83;24.4;7.12;1007.07
2024;44;2024-11-01;2024-11-07;40.75;41.52;35.22;35.32;39.15;40.66;44.85;26.0;23.0;22.67;29.0;26.67;29.67;38.33;44.5;38.25;32.75;43.75;39.25;41.0;55.75;2848;971;488;10.45;92.94;0.0;4.62;1009.17
2024;45;2024-11-08;2024-11-14;45.53;44.9;41.8;52.14;54.06;65.21;46.26;37.67;44.33;40.67;34.5;25.5;34.33;28.67;52.25;59.0;55.0;53.5;40.67;53.5;43.0;2620;859;441;7.78;86.25;0.1;5.02;1007.3
2024;46;2024-11-15;2024-11-21;63.77;50.13;46.34;45.13;45.44;41.01;50.83;54.0;56.33;42.0;58.0;54.33;28.33;6.33;76.25;82.25;54.5;80.75;81.25;38.0;17.75;2743;965;451;5.81;85.51;4.6;4.96;995.26
2024;47;2024-11-22;2024-11-28;36.54;50.35;41.1;38.34;41.28;36.67;39.26;8.0;8.33;15.33;18.33;21.0;33.33;32.67;11.0;18.25;24.25;30.0;26.67;43.33;46.25;2938;960;479;5.58;82.75;5.3;5.99;1005.16
2024;48;2024-11-29;2024-12-05;41.18;40.06;41.29;57.34;69.16;68.84;60.46;32.0;35.0;31.0;39.33;46.33;33.0;26.67;53.25;50.25;42.25;58.25;65.0;53.75;45.0;2828;988;468;4.73;91.73;0.0;3.15;1005.9
2024;49;2024-12-06;2024-12-12;49.62;47.21;39.03;42.64;52.58;52.6;49.42;36.0;43.0;27.67;16.0;30.67;26.33;32.0;57.5;59.75;35.5;22.25;43.25;39.5;50.5;3285;1052;518;4.06;91.56;14.4;4.93;998.22
2024;50;2024-12-13;2024-12-19;48.24;38.01;33.73;62.89;67.45;42.38;39.42;37.33;40.0;35.33;51.33;43.0;40.67;28.33;56.25;53.0;42.75;66.25;66.0;55.0;36.0;3302;1180;538;4.52;91.31;13.4;4.46;1008.77
2024;51;2024-12-20;2024-12-26;35.95;60.9;57.63;33.7;32.33;64.41;65.9;5.33;15.33;31.33;5.67;4.33;30.67;40.67;9.5;26.5;43.5;11.25;9.75;45.25;53.25;3522;1231;561;4.46;63.23;1.8;9.36;1000.68
2024;52;2024-12-27;2025-01-02;65.79;62.44;67.96;79.04;77.8;56.69;53.23;37.67;34.0;44.67;54.0;56.67;139.67;99.0;54.75;51.0;64.0;78.0;81.25;189.25;122.5;4670;1873;686;2.95;84.13;1.6;4.19;1010.95
2025;1;2025-01-04;2025-01-10;30.04;27.21;29.32;27.49;31.0;34.56;40.68;31.33;35.33;30.67;21.33;28.0;15.67;17.33;44.25;47.5;39.75;27.5;36.25;17.75;26.25;3826;1666;688;4.63;89.56;23.3;4.69;996.34
2025;2;2025-01-11;2025-01-17;51.77;53.73;60.24;55.39;57.27;67.55;56.57;16.0;23.0;27.33;23.33;43.33;34.0;28.33;27.0;31.25;42.75;40.5;63.0;55.5;42.5;3524;1516;655;1.76;75.2;0.0;4.18;1011.02
2025;3;2025-01-18;2025-01-24;58.91;57.2;52.31;39.11;40.91;42.57;44.76;37.67;28.33;15.67;20.33;22.33;16.0;22.0;55.75;36.5;20.25;27.75;28.5;21.0;32.5;4044;1820;763;4.89;92.2;13.7;4.66;1003.15
2025;4;2025-01-25;2025-01-31;37.62;30.57;39.71;35.74;51.62;45.88;43.92;24.0;9.67;11.67;11.33;20.67;26.67;29.0;28.25;14.0;14.25;15.25;31.5;42.0;39.0;3843;1774;667;6.32;93.72;60.2;5.08;997.3
2025;5;2025-02-01;2025-02-07;44.71;41.44;50.63;45.27;47.82;55.93;48.21;15.33;17.33;30.67;33.0;45.0;45.33;24.67;19.25;23.0;42.5;45.75;63.75;63.5;38.5;3722;1554;651;5.37;87.17;9.4;4.74;1009.88
2025;6;2025-02-08;2025-02-14;46.12;36.42;37.31;49.37;34.01;39.45;38.17;29.33;16.67;22.33;24.33;22.67;33.0;18.67;35.5;17.5;27.0;31.75;27.75;46.0;26.0;3584;1455;634;6.53;90.9;53.9;4.5;1005.17
2025;7;2025-02-15;2025-02-21;42.22;31.67;31.58;29.84;28.31;44.13;57.04;18.0;27.67;22.67;25.67;20.33;38.0;62.67;23.5;35.75;33.0;35.5;31.5;52.0;86.0;3201;1261;524;3.77;78.33;0.0;4.11;1005.85
2025;8;2025-02-22;2025-02-28;55.11;35.92;43.42;40.21;30.33;40.8;43.28;77.0;66.33;77.0;67.0;27.0;25.0;25.67;97.5;86.5;104.5;83.5;34.25;35.25;37.75;1095;438;224;8.83;88.11;12.5;4.24;1004.39
2025;9;2025-03-01;2025-03-07;27.15;31.09;51.54;59.71;71.61;61.48;58.59;12.67;17.67;28.33;37.0;38.67;30.67;33.0;18.0;22.75;38.75;56.5;61.75;51.25;52.75;3261;1242;524;8.88;73.4;8.1;4.23;1008.14
2025;10;2025-03-08;2025-03-14;61.26;54.61;28.25;36.25;29.1;29.69;28.2;40.0;40.33;18.67;19.67;11.67;13.0;6.0;60.25;57.0;26.0;26.0;14.5;17.75;9.25;2956;1076;453;10.12;81.5;57.1;4.89;987.8
2025;11;2025-03-15;2025-03-21;22.81;19.19;25.55;20.43;39.96;52.11;49.81;9.33;5.67;9.67;7.0;17.0;26.33;41.67;9.5;10.25;18.0;14.5;30.0;43.75;63.5;2768;935;446;8.65;76.07;19.9;6.1;1003.41
2025;12;2025-03-22;2025-03-28;27.39;21.78;34.09;40.2;33.21;41.46;37.51;31.67;10.33;12.0;20.0;15.67;14.67;12.0;38.0;10.25;16.5;28.25;22.75;21.75;26.5;2656;874;361;11.63;80.02;27.3;5.22;994.83
2025;13;2025-03-29;2025-04-04;19.83;32.72;24.8;27.28;28.09;37.09;47.63;10.33;7.33;6.0;6.67;11.33;15.67;26.33;11.5;13.67;10.75;13.5;20.75;30.0;45.67;2794;927;435;13.66;60.72;1.5;6.85;997.08
2025;14;2025-04-05;2025-04-11;35.5;18.06;18.36;25.21;39.43;38.19;36.8;23.67;16.0;8.67;11.67;22.33;20.67;20.0;38.0;28.33;25.0;23.5;39.5;35.75;37.75;2854;907;403;13.48;59.95;0.0;7.61;1000.7
2025;15;2025-04-12;2025-04-18;20.1;20.62;26.35;31.11;19.19;19.86;23.86;13.0;8.67;13.33;8.67;12.0;6.67;6.67;18.25;13.25;21.25;10.25;21.5;12.0;8.5;2770;882;382;14.45;79.89;163.3;9.81;992.95
2025;16;2025-04-19;2025-04-25;20.88;16.58;16.24;31.24;34.23;26.24;21.55;7.67;9.33;6.67;10.0;12.33;4.67;8.0;12.5;17.5;12.25;18.0;19.0;7.0;9.0;2512;839;339;15.3;74.97;31.0;5.74;995.11
2025;17;2025-04-26;2025-05-02;18.77;18.21;28.17;34.88;36.24;30.2;33.83;5.67;6.67;9.67;12.5;16.33;16.33;14.67;8.0;8.33;15.33;22.67;26.25;25.0;24.75;2856;1006;426;18.82;67.31;1.7;4.62;1002.73
2025;18;2025-05-03;2025-05-09;17.41;12.23;23.39;17.72;23.2;25.0;24.95;10.67;9.0;8.33;3.5;7.33;11.5;9.33;18.25;16.0;16.0;8.0;11.75;17.67;14.5;2561;876;395;16.19;74.96;65.8;8.74;992.68
2025;19;2025-05-10;2025-05-16;25.9;24.26;21.49;18.19;26.08;30.32;18.63;10.33;10.67;8.33;9.67;11.0;11.0;6.67;15.0;14.5;15.25;15.25;15.67;17.0;15.0;2311;688;260;16.97;74.32;31.9;5.72;996.51
2025;20;2025-05-17;2025-05-23;22.34;12.4;16.17;27.1;26.8;27.05;20.72;9.0;6.0;8.0;10.67;12.33;5.33;6.0;15.5;11.75;16.5;18.25;19.25;8.33;9.5;2379;718;315;17.65;70.76;46.3;6.93;995.63
2025;21;2025-05-24;2025-05-30;17.64;16.5;15.13;17.56;21.75;20.22;27.78;7.33;9.0;8.0;6.33;11.33;7.0;13.33;11.75;15.25;14.67;10.0;15.0;11.75;25.25;2345;756;276;19.66;68.12;19.4;6.3;1000.11
2025;22;2025-05-31;2025-06-06;24.68;15.56;9.78;14.89;24.68;18.88;13.87;15.33;13.0;7.67;9.0;13.67;13.67;11.0;27.25;20.25;14.0;18.25;26.25;24.0;20.25;2477;915;342;22.34;68.54;34.1;6.18;1000.04
2025;23;2025-06-07;2025-06-13;9.46;7.83;18.36;15.96;27.4;23.47;26.22;11.33;14.0;22.5;19.5;27.5;30.0;33.0;21.0;23.0;34.67;27.67;40.33;45.5;47.75;2338;808;286;26.18;53.21;1.3;7.01;999.24
2025;24;2025-06-14;2025-06-20;19.14;16.63;19.72;14.92;23.89;29.24;26.3;25.67;15.33;14.33;9.5;13.67;16.67;19.67;39.75;25.25;25.0;12.33;22.5;27.5;32.5;2167;829;299;27.37;54.97;10.7;5.77;1001.69
2025;25;2025-06-21;2025-06-27;15.39;15.59;24.58;11.71;14.76;21.09;20.8;15.67;8.67;12.0;14.0;14.33;13.33;9.33;23.25;14.25;17.25;20.33;23.5;22.5;17.75;2001;784;269;26.97;60.54;25.9;6.91;999.85
2025;26;2025-06-28;2025-07-04;29.89;19.26;21.77;23.42;17.66;26.49;27.05;13.0;13.67;12.67;12.67;11.0;14.0;15.0;22.75;21.5;20.0;23.0;17.75;20.25;23.25;1990;740;264;30.35;49.28;2.0;5.38;1000.84
2025;27;2025-07-05;2025-07-11;18.9;17.48;15.43;14.67;21.89;27.68;23.65;11.0;11.33;9.33;4.33;6.0;9.67;11.0;16.25;16.25;12.75;6.75;11.5;15.5;17.75;2020;756;287;22.62;65.98;42.7;6.58;994.93
2025;28;2025-07-12;2025-07-18;13.0;12.73;19.32;23.26;24.26;19.61;18.48;9.67;10.33;10.33;13.33;16.0;11.67;8.33;14.25;13.25;17.0;20.25;23.5;20.25;17.67;1909;675;257;25.74;59.79;3.8;6.54;996.64
2025;29;2025-07-19;2025-07-25;18.05;16.0;15.08;15.09;12.85;14.87;18.85;12.33;15.0;7.67;10.0;10.0;8.67;8.0;22.33;24.0;13.67;16.0;22.67;13.75;14.67;1806;663;231;23.89;71.94;59.1;5.17;993.12
2025;30;2025-07-26;2025-08-01;19.37;13.47;18.18;17.49;19.58;25.31;20.48;12.33;6.67;8.33;8.33;5.67;11.0;12.33;16.0;8.75;12.0;12.25;9.75;16.5;18.75;1772;638;230;22.07;69.83;23.1;6.17;994.82
2025;31;2025-08-02;2025-08-08;12.46;14.27;21.55;19.52;20.08;13.24;20.62;5.33;6.33;8.0;9.0;10.0;9.33;14.67;6.75;7.75;13.0;17.67;20.25;17.25;25.25;1810;625;222;23.34;69.87;14.0;5.46;999.91
2025;32;2025-08-09;2025-08-15;22.29;20.85;19.06;15.91;16.44;18.86;14.79;18.0;19.33;19.67;20.67;22.0;21.33;17.33;26.25;29.75;29.75;33.25;33.25;33.5;27.5;1602;545;234;29.64;56.76;3.0;4.9;1000.5
2025;33;2025-08-16;2025-08-22;12.49;13.01;11.53;11.46;13.03;13.75;14.45;11.33;13.33;13.67;12.67;10.33;6.33;7.67;17.25;19.0;22.25;23.0;17.25;9.25;11.25;1633;671;230;24.79;67.46;64.9;6.06;994.36
2025;34;2025-08-23;2025-08-29;14.45;11.59;19.67;25.79;21.85;20.25;17.97;10.0;9.0;9.67;15.0;18.33;12.67;6.0;13.25;11.75;15.5;21.25;26.75;18.25;10.75;1654;599;199;21.09;82.82;111.3;6.73;995.82
2025;35;2025-08-30;2025-09-05;14.7;18.65;31.37;24.0;29.58;32.49;24.15;3.67;5.67;10.67;6.33;10.33;12.67;11.0;6.25;10.0;18.0;9.25;16.75;21.5;13.0;1645;562;233;20.47;78.62;48.9;4.09;995.63
2025;36;2025-09-06;2025-09-12;31.37;29.11;39.67;34.22;21.04;26.98;23.74;7.67;10.33;17.33;27.0;10.0;10.0;9.0;13.25;17.25;28.5;38.75;10.25;16.5;18.0;1729;614;250;20.33;79.8;61.6;3.68;997.69
2025;37;2025-09-13;2025-09-19;24.18;20.26;26.89;26.45;28.48;36.86;44.62;9.5;8.0;9.5;9.33;9.33;14.0;23.33;17.67;11.0;17.67;17.0;15.75;26.75;39.5;1945;619;229;20.89;79.09;4.0;4.69;1003.19
2025;38;2025-09-20;2025-09-26;42.74;22.55;23.05;23.16;24.77;24.61;33.55;29.67;17.67;12.0;12.33;7.67;8.33;9.0;43.25;25.25;16.0;14.0;12.25;14.5;16.5;2324;759;270;17.87;83.43;135.5;6.72;998.98
2025;39;2025-09-27;2025-10-03;25.78;27.5;43.13;34.68;21.0;28.94;39.46;6.33;7.0;10.5;18.0;8.5;9.0;17.5;10.25;10.75;20.67;30.0;13.0;17.0;36.0;2240;679;252;14.82;76.99;24.6;5.24;1002.64
2025;40;2025-10-04;2025-10-10;41.61;18.25;34.63;50.05;44.22;46.99;44.91;28.67;8.0;8.33;20.0;35.0;47.67;49.67;42.67;13.0;17.5;34.75;47.5;69.33;64.5;2368;697;276;15.13;75.83;1.6;5.07;1001.85
2025;41;2025-10-11;2025-10-17;48.76;36.92;48.48;42.34;40.91;43.7;42.66;54.33;47.0;39.33;31.0;26.0;17.33;18.67;69.0;57.5;50.5;40.75;34.5;30.0;29.25;2587;810;348;15.63;81.58;1.4;3.64;1004.91
2025;42;2025-10-18;2025-10-24;46.13;40.01;38.01;30.41;34.32;31.12;42.85;28.33;27.67;28.33;14.67;31.33;25.0;8.33;39.25;36.5;35.0;18.75;39.0;30.5;15.0;2596;833;293;13.16;83.1;24.3;4.61;993.68
2025;43;2025-10-25;2025-10-31;44.45;27.86;44.78;54.24;42.97;35.64;39.63;14.67;10.33;7.33;24.33;37.0;15.0;12.33;21.5;13.0;15.75;36.5;47.75;19.75;16.5;2622;804;319;12.29;79.43;21.3;5.38;994.62
2025;44;2025-11-01;2025-11-07;31.08;24.93;41.21;48.0;49.55;55.47;55.46;21.0;19.33;7.33;18.33;27.33;32.67;30.0;27.0;27.0;16.5;27.25;35.5;41.5;39.0;2626;873;324;11.23;85.64;18.4;4.05;1001.6
2025;45;2025-11-08;2025-11-14;54.57;45.09;51.39;60.95;55.93;55.51;56.78;38.0;46.33;45.0;39.0;30.33;28.33;58.33;44.25;55.25;54.75;51.25;40.5;36.75;74.5;2769;976;333;9.88;86.04;1.6;3.87;1001.37
2025;46;2025-11-15;2025-11-21;32.51;27.26;28.94;34.31;32.74;30.18;43.59;57.0;26.67;11.0;5.0;13.0;17.0;13.67;70.5;36.0;13.5;11.0;16.5;20.25;16.25;2963;1105;362;8.37;84.75;106.7;6.67;993.79
2025;47;2025-11-22;2025-11-28;44.4;47.51;38.53;38.99;52.76;54.56;58.39;11.67;21.0;14.33;24.33;26.33;21.0;31.0;15.5;22.5;16.0;27.25;36.5;32.5;41.0;3108;1199;405;3.75;78.99;2.3;5.89;994.95
2025;48;2025-11-29;2025-12-05;63.16;58.28;44.52;40.78;45.32;47.78;38.92;42.0;46.0;29.67;34.0;43.33;26.0;22.0;51.25;52.0;33.25;39.25;51.5;31.75;28.75;3365;1353;504;6.51;90.04;14.2;4.45;996.73
2025;49;2025-12-06;2025-12-12;38.44;40.36;45.37;56.05;56.05;53.48;48.42;31.67;35.33;36.33;40.0;40.0;49.33;34.33;40.0;39.0;42.75;49.0;52.5;62.0;45.25;4241;1916;628;5.81;92.97;1.0;4.39;1003.68
2025;50;2025-12-13;2025-12-19;49.64;53.27;60.72;51.48;42.58;36.59;36.8;29.67;41.67;48.33;33.67;11.33;23.67;34.33;40.5;50.25;58.5;36.75;13.75;25.75;39.75;4313;2020;689;6.47;94.93;38.9;4.18;1007.91
2025;51;2025-12-20;2025-12-26;39.08;31.64;41.15;42.74;28.41;21.67;24.74;41.33;30.33;23.0;20.0;12.67;7.5;8.67;54.0;35.75;29.75;25.25;15.0;8.25;10.0;3893;1660;693;7.25;90.63;15.5;5.11;1000.07
2025;52;2025-12-27;2026-01-02;33.71;45.76;50.1;48.03;54.88;46.2;32.78;18.0;24.0;30.67;38.67;21.0;143.67;41.33;20.25;27.0;35.75;43.25;28.5;183.75;47.5;4123;1770;700;3.41;87.31;0.2;6.22;1002.9
2026;1;2025-12-29;2026-01-04;50.75;48.03;54.88;46.2;32.78;35.92;41.15;30.67;38.67;21.0;143.67;41.33;45.0;39.0;35.75;43.25;28.5;183.75;47.5;51.75;43.25;3200;1214;634;2.19;89.7;0.7;4.68;995.69
2026;2;2026-01-05;2026-01-11;52.19;56.6;46.45;60.02;51.06;55.22;37.8;29.33;32.0;26.0;41.67;50.67;52.0;10.0;33.0;36.5;30.5;50.25;62.25;61.25;17.75;2716;941;467;1.05;69.81;0.0;5.8;993.15
2026;3;2026-01-12;2026-01-18;55.61;49.97;47.5;47.59;50.44;49.37;35.89;34.33;33.0;33.0;48.67;55.0;52.33;33.33;45.25;44.75;38.75;50.25;60.5;60.0;38.5;2726;901;430;5.35;86.2;5.5;4.32;1006.12
2026;4;2026-01-19;2026-01-25;33.13;45.81;60.1;49.7;49.11;44.25;30.98;18.67;28.67;46.33;52.67;43.0;29.67;17.0;24.75;38.25;57.5;66.0;51.25;30.5;18.75;2807;828;386;3.36;85.36;19.9;4.21;993.77
2026;5;2026-01-26;2026-02-01;40.82;57.4;42.3;39.98;40.9;39.31;41.44;20.0;31.33;11.33;23.33;33.67;39.33;41.0;24.75;38.25;11.5;29.5;40.25;48.5;50.5;2841;857;340;4.75;92.46;28.0;4.24;984.75
2026;6;2026-02-02;2026-02-08;45.36;37.7;43.49;41.99;39.7;48.2;37.57;44.33;15.67;15.67;18.0;9.33;25.0;41.0;54.33;18.5;17.5;22.25;13.5;33.5;48.67;2787;819;342;6.05;91.11;47.8;5.47;985.69
2026;7;2026-02-09;2026-02-15;41.89;40.24;36.86;38.13;41.35;39.15;45.03;31.67;24.33;15.0;21.33;16.33;14.33;13.67;41.5;31.0;18.5;24.75;22.75;18.25;18.0;3016;899;365;8.75;82.05;17.5;6.55;982.77
2026;8;2026-02-16;2026-02-22;45.77;36.87;55.04;36.28;37.67;36.72;42.16;17.67;7.33;17.33;15.67;15.0;16.33;34.33;24.25;13.5;21.0;17.75;21.75;23.5;41.75;2834;886;346;8.03;73.55;33.6;7.3;995.07
2026;9;2026-02-23;2026-03-01;52.23;44.05;39.99;46.91;49.85;33.75;31.0;42.67;43.67;42.0;33.67;42.0;18.0;38.67;56.25;56.0;53.75;46.5;57.5;26.5;49.0;2702;915;339;10.09;86.79;1.2;4.77;1006.94
2026;10;2026-03-02;2026-03-08;28.42;36.47;47.54;30.27;36.92;44.32;41.18;34.67;35.0;45.33;42.67;46.33;41.33;34.33;46.5;45.0;58.5;56.0;60.0;56.25;45.75;2718;781;322;10.19;82.88;2.1;3.8;1009.51
2026;11;2026-03-09;2026-03-15;42.94;40.06;32.26;42.36;42.84;26.13;21.97;37.67;46.33;46.67;31.0;33.33;19.5;6.0;52.0;60.75;58.75;40.25;42.75;27.5;8.0;2733;835;356;10.98;81.9;54.5;6.15;1000.66
2026;12;2026-03-16;2026-03-22;31.96;26.55;24.86;39.58;34.42;33.24;23.58;8.5;8.5;6.33;14.67;17.0;22.67;19.0;13.75;13.5;13.25;25.33;31.0;34.0;26.67;2684;807;299;10.99;59.9;0.0;7.45;999.66
2026;13;2026-03-23;2026-03-29;36.46;53.08;45.96;16.68;23.8;35.7;29.77;20.67;25.5;22.0;5.67;3.33;10.33;7.67;31.0;42.33;35.67;8.5;8.75;16.25;12.0;2599;806;323;11.1;47.94;5.8;10.45;994.98
2026;14;2026-03-30;2026-04-05;25.9;17.16;31.71;39.74;44.81;43.05;27.84;5.67;4.67;5.67;12.33;10.0;18.0;16.67;10.0;11.5;11.25;25.25;25.33;30.75;26.0;2542;808;318;14.02;31.97;0.1;10.17;998.79
2026;15;2026-04-06;2026-04-12;16.82;16.91;22.5;25.78;26.86;24.55;22.91;9.0;8.67;13.33;16.0;14.33;13.33;15.33;16.0;17.5;25.75;30.75;31.0;24.0;22.67;2803;866;357;17.08;57.17;0.2;7.43;1001.16
2026;16;2026-04-13;2026-04-19;28.24;20.8;24.09;31.25;30.74;31.63;20.12;14.67;11.33;18.0;24.0;18.33;16.0;11.33;21.67;17.0;25.75;35.0;35.25;30.25;16.25;2588;775;317;17.47;70.55;20.8;5.46;999.42