year_week,week_index,year,pollutant,value,threshold_pc75,distance_from_thr,exposed,weight
2023-W18,1,2023,NO2,25.08285714285714,41.091,-16.008571428571425,0,0.01
2023-W19,2,2023,NO2,22.99714285714285,41.091,-18.094285714285714,0,0.01
2023-W20,3,2023,NO2,28.55,41.091,-12.541428571428565,0,0.01
2023-W21,4,2023,NO2,23.727142857142866,41.091,-17.3642857142857,0,0.01
2023-W22,5,2023,NO2,21.99857142857143,41.091,-19.092857142857135,0,0.01
2023-W23,6,2023,NO2,20.770000000000003,41.091,-20.321428571428562,0,0.01
2023-W24,7,2023,NO2,23.807142857142857,41.091,-17.28428571428571,0,0.01
2023-W25,8,2023,NO2,28.274285714285707,41.091,-12.817142857142859,0,0.01
2023-W26,9,2023,NO2,22.8,41.091,-18.291428571428565,0,0.01
2023-W27,10,2023,NO2,25.731428571428573,41.091,-15.359999999999992,0,0.01
2023-W28,11,2023,NO2,22.89,41.091,-18.201428571428565,0,0.01
2023-W29,12,2023,NO2,20.947142857142858,41.091,-20.144285714285708,0,0.01
2023-W30,13,2023,NO2,21.072857142857146,41.091,-20.01857142857142,0,0.01
2023-W31,14,2023,NO2,19.25,41.091,-21.841428571428565,0,0.01
2023-W32,15,2023,NO2,18.70285714285714,41.091,-22.388571428571424,0,0.01
2023-W33,16,2023,NO2,18.63714285714286,41.091,-22.454285714285707,0,0.01
2023-W34,17,2023,NO2,20.41857142857143,41.091,-20.672857142857136,0,0.01
2023-W35,18,2023,NO2,25.00285714285715,41.091,-16.088571428571417,0,0.01
2023-W36,19,2023,NO2,40.14,41.091,-0.9514285714285649,0,0.01
2023-W37,20,2023,NO2,30.062857142857144,41.091,-11.028571428571421,0,0.01
2023-W38,21,2023,NO2,31.208571428571428,41.091,-9.882857142857137,0,0.01
2023-W39,22,2023,NO2,48.68857142857143,41.091,7.597142857142863,1,0.8794132087710194
2023-W40,23,2023,NO2,36.18857142857143,41.091,-4.902857142857137,0,0.01
2023-W41,24,2023,NO2,31.714285714285715,41.091,-9.37714285714285,0,0.01
2023-W42,25,2023,NO2,36.22857142857143,41.091,-4.862857142857138,0,0.01
2023-W43,26,2023,NO2,32.92142857142857,41.091,-8.169999999999995,0,0.01
2023-W44,27,2023,NO2,34.21142857142858,41.091,-6.879999999999988,0,0.01
2023-W45,28,2023,NO2,44.10857142857143,41.091,3.017142857142865,1,0.5684063516708316
2023-W46,29,2023,NO2,48.785714285714285,41.091,7.694285714285719,1,0.8840060384718327
2023-W47,30,2023,NO2,47.79714285714287,41.091,6.705714285714308,1,0.8346674388238299
2023-W48,31,2023,NO2,42.04285714285714,41.091,0.951428571428572,1,0.27327963987116777
2023-W49,32,2023,NO2,47.58142857142857,41.091,6.490000000000002,1,0.8230614342062887
2023-W50,33,2023,NO2,50.021428571428565,41.091,8.93,1,0.938327660666684
2023-W51,34,2023,NO2,51.63857142857143,41.091,10.547142857142866,1,1.0
2023-W52,35,2023,NO2,42.451428571428565,41.091,1.3599999999999994,1,0.35098441360938415
2024-W01,36,2024,NO2,41.12857142857143,41.304,-0.17535714285713766,0,0.01
2024-W02,37,2024,NO2,54.48285714285714,41.304,13.178928571428571,1,0.8155222904396969
2024-W03,38,2024,NO2,57.61857142857143,41.304,16.314642857142857,1,0.8769674988730207
2024-W04,39,2024,NO2,65.21142857142857,41.304,23.9075,1,0.9887942210523404
2024-W05,40,2024,NO2,56.32142857142857,41.304,15.017499999999998,1,0.8530191228484318
2024-W06,41,2024,NO2,41.82999999999999,41.304,0.5260714285714201,1,0.1299963075266887
2024-W07,42,2024,NO2,61.041428571428575,41.304,19.737500000000004,1,0.9324450440055915
2024-W08,43,2024,NO2,37.04857142857144,41.304,-4.255357142857129,0,0.01
2024-W09,44,2024,NO2,30.49142857142857,41.304,-10.8125,0,0.01
2024-W10,45,2024,NO2,27.918571428571425,41.304,-13.385357142857146,0,0.01
2024-W11,46,2024,NO2,26.898571428571422,41.304,-14.405357142857149,0,0.01
2024-W12,47,2024,NO2,31.884285714285717,41.304,-9.419642857142854,0,0.01
2024-W13,48,2024,NO2,30.437142857142863,41.304,-10.866785714285708,0,0.01
2024-W14,49,2024,NO2,32.33571428571429,41.304,-8.968214285714282,0,0.01
2024-W15,50,2024,NO2,32.582857142857144,41.304,-8.721071428571427,0,0.01
2024-W16,51,2024,NO2,24.262857142857143,41.304,-17.041071428571428,0,0.01
2024-W17,52,2024,NO2,28.862857142857145,41.304,-12.441071428571426,0,0.01
2024-W18,53,2024,NO2,22.08428571428572,41.304,-19.21964285714285,0,0.01
2024-W19,54,2024,NO2,26.78857142857143,41.304,-14.515357142857141,0,0.01
2024-W20,55,2024,NO2,23.41142857142857,41.304,-17.892500000000002,0,0.01
2024-W21,56,2024,NO2,24.51428571428571,41.304,-16.789642857142862,0,0.01
2024-W22,57,2024,NO2,18.13714285714286,41.304,-23.166785714285712,0,0.01
2024-W23,58,2024,NO2,16.255714285714287,41.304,-25.048214285714284,0,0.01
2024-W24,59,2024,NO2,19.472857142857144,41.304,-21.831071428571427,0,0.01
2024-W25,60,2024,NO2,22.298571428571428,41.304,-19.005357142857143,0,0.01
2024-W26,61,2024,NO2,17.44857142857143,41.304,-23.85535714285714,0,0.01
2024-W27,62,2024,NO2,20.53142857142857,41.304,-20.7725,0,0.01
2024-W28,63,2024,NO2,18.24,41.304,-23.063928571428573,0,0.01
2024-W29,64,2024,NO2,22.96142857142857,41.304,-18.3425,0,0.01
2024-W30,65,2024,NO2,21.215714285714284,41.304,-20.088214285714287,0,0.01
2024-W31,66,2024,NO2,19.53857142857143,41.304,-21.76535714285714,0,0.01
2024-W32,67,2024,NO2,19.03,41.304,-22.27392857142857,0,0.01
2024-W33,68,2024,NO2,16.381428571428568,41.304,-24.922500000000003,0,0.01
2024-W34,69,2024,NO2,21.15571428571429,41.304,-20.148214285714282,0,0.01
2024-W35,70,2024,NO2,29.037142857142857,41.304,-12.266785714285714,0,0.01
2024-W36,71,2024,NO2,24.767142857142854,41.304,-16.536785714285717,0,0.01
2024-W37,72,2024,NO2,26.83142857142857,41.304,-14.4725,0,0.01
2024-W38,73,2024,NO2,34.222857142857144,41.304,-7.081071428571427,0,0.01
2024-W39,74,2024,NO2,24.467142857142857,41.304,-16.836785714285714,0,0.01
2024-W40,75,2024,NO2,27.74714285714285,41.304,-13.55678571428572,0,0.01
2024-W41,76,2024,NO2,31.07857142857143,41.304,-10.225357142857142,0,0.01
2024-W42,77,2024,NO2,33.71714285714286,41.304,-7.5867857142857105,0,0.01
2024-W43,78,2024,NO2,33.96285714285714,41.304,-7.341071428571432,0,0.01
2024-W44,79,2024,NO2,39.63857142857143,41.304,-1.6653571428571396,0,0.01
2024-W45,80,2024,NO2,49.98571428571428,41.304,8.68178571428571,1,0.6981923830175503
2024-W46,81,2024,NO2,48.95,41.304,7.646071428571432,1,0.6633968634079419
2024-W47,82,2024,NO2,40.50571428571429,41.304,-0.7982142857142804,0,0.01
2024-W48,83,2024,NO2,54.04714285714285,41.304,12.74321428571428,1,0.8059234135089531
2024-W49,84,2024,NO2,47.58571428571429,41.304,6.281785714285718,1,0.6105832879162827
2024-W50,85,2024,NO2,47.44571428571429,41.304,6.141785714285717,1,0.6046129215816671
2024-W51,86,2024,NO2,50.117142857142845,41.304,8.813214285714274,1,0.702339108082812
2024-W52,87,2024,NO2,66.13571428571429,41.304,24.831785714285715,1,1.0
2025-W01,88,2025,NO2,31.47142857142857,41.045,-9.57357142857143,0,0.01
2025-W02,89,2025,NO2,57.50285714285714,41.045,16.457857142857137,1,1.0
2025-W03,90,2025,NO2,47.96714285714286,41.045,6.922142857142859,1,0.7237111351056169
2025-W04,91,2025,NO2,40.72285714285714,41.045,-0.3221428571428646,0,0.01
2025-W05,92,2025,NO2,47.71571428571429,41.045,6.67071428571429,1,0.7124333853927953
2025-W06,93,2025,NO2,40.121428571428574,41.045,-0.923571428571428,0,0.01
2025-W07,94,2025,NO2,37.82714285714286,41.045,-3.2178571428571416,0,0.01
2025-W09,96,2025,NO2,51.59571428571429,41.045,10.550714285714285,1,0.8555689185726225
2025-W10,97,2025,NO2,38.19428571428572,41.045,-2.8507142857142824,0,0.01
2025-W11,98,2025,NO2,32.83714285714286,41.045,-8.207857142857144,0,0.01
2025-W12,99,2025,NO2,33.66285714285714,41.045,-7.38214285714286,0,0.01
2025-W13,100,2025,NO2,31.062857142857144,41.045,-9.982142857142858,0,0.01
2025-W14,101,2025,NO2,30.22142857142857,41.045,-10.82357142857143,0,0.01
2025-W15,102,2025,NO2,23.01285714285714,41.045,-18.032142857142862,0,0.01
2025-W16,103,2025,NO2,23.85142857142857,41.045,-17.19357142857143,0,0.01
2025-W17,104,2025,NO2,28.61428571428572,41.045,-12.43071428571428,0,0.01
2025-W18,105,2025,NO2,20.557142857142857,41.045,-20.487857142857145,0,0.01
2025-W19,106,2025,NO2,23.55285714285714,41.045,-17.492142857142863,0,0.01
2025-W20,107,2025,NO2,21.79714285714286,41.045,-19.247857142857143,0,0.01
2025-W21,108,2025,NO2,19.51142857142857,41.045,-21.53357142857143,0,0.01
2025-W22,109,2025,NO2,17.47714285714286,41.045,-23.567857142857143,0,0.01
2025-W23,110,2025,NO2,18.385714285714283,41.045,-22.65928571428572,0,0.01
2025-W24,111,2025,NO2,21.40571428571429,41.045,-19.639285714285712,0,0.01
2025-W25,112,2025,NO2,17.702857142857145,41.045,-23.342142857142857,0,0.01
2025-W26,113,2025,NO2,23.648571428571437,41.045,-17.396428571428565,0,0.01
2025-W27,114,2025,NO2,19.957142857142856,41.045,-21.087857142857146,0,0.01
2025-W28,115,2025,NO2,18.665714285714284,41.045,-22.379285714285718,0,0.01
2025-W29,116,2025,NO2,15.827142857142857,41.045,-25.217857142857145,0,0.01
2025-W30,117,2025,NO2,19.125714285714285,41.045,-21.919285714285717,0,0.01
2025-W31,118,2025,NO2,17.39142857142857,41.045,-23.653571428571432,0,0.01
2025-W32,119,2025,NO2,18.314285714285717,41.045,-22.730714285714285,0,0.01
2025-W33,120,2025,NO2,12.81714285714286,41.045,-28.22785714285714,0,0.01
2025-W34,121,2025,NO2,18.795714285714286,41.045,-22.249285714285715,0,0.01
2025-W35,122,2025,NO2,24.99142857142857,41.045,-16.05357142857143,0,0.01
2025-W36,123,2025,NO2,29.447142857142858,41.045,-11.597857142857144,0,0.01
2025-W37,124,2025,NO2,29.677142857142854,41.045,-11.367857142857147,0,0.01
2025-W38,125,2025,NO2,27.775714285714287,41.045,-13.269285714285715,0,0.01
2025-W39,126,2025,NO2,31.49857142857143,41.045,-9.54642857142857,0,0.01
2025-W40,127,2025,NO2,40.09428571428572,41.045,-0.9507142857142838,0,0.01
2025-W41,128,2025,NO2,43.39571428571429,41.045,2.3507142857142895,1,0.4228190257443869
2025-W42,129,2025,NO2,37.55,41.045,-3.4950000000000045,0,0.01
2025-W43,130,2025,NO2,41.36714285714286,41.045,0.3221428571428575,1,0.09764836410846062
2025-W44,131,2025,NO2,43.67142857142857,41.045,2.626428571428569,1,0.4504695741340264
2025-W45,132,2025,NO2,54.31714285714286,41.045,13.27214285714286,1,0.9295471901339449
2025-W46,133,2025,NO2,32.79,41.045,-8.255000000000003,0,0.01
2025-W47,134,2025,NO2,47.87714285714286,41.045,6.8321428571428555,1,0.7197158810840398
2025-W48,135,2025,NO2,48.39428571428572,41.045,7.34928571428572,1,0.7420741140061701
2025-W49,136,2025,NO2,48.31,41.045,7.265000000000001,1,0.7385262096518085
2025-W50,137,2025,NO2,47.29714285714285,41.045,6.25214285714285,1,0.6928121019353353
2025-W51,138,2025,NO2,32.77571428571429,41.045,-8.269285714285715,0,0.01
2025-W52,139,2025,NO2,44.49428571428572,41.045,3.449285714285722,1,0.5219766720858819
2026-W01,140,2026,NO2,44.24428571428571,43.434,0.8100000000000023,1,0.2714148801500506
2026-W02,141,2026,NO2,51.33428571428573,43.434,7.90000000000002,1,1.0
2026-W03,142,2026,NO2,48.052857142857135,43.434,4.618571428571428,1,0.789586893846315
2026-W04,143,2026,NO2,44.72571428571429,43.434,1.2914285714285825,1,0.37930283804701476
2026-W05,144,2026,NO2,43.16428571428571,43.434,-0.269999999999996,0,0.01
2026-W06,145,2026,NO2,42.00142857142857,43.434,-1.432857142857138,0,0.01
2026-W07,146,2026,NO2,40.37857142857143,43.434,-3.0557142857142736,0,0.01
2026-W08,147,2026,NO2,41.50142857142857,43.434,-1.932857142857138,0,0.01
2026-W09,148,2026,NO2,42.54,43.434,-0.8942857142857079,0,0.01
2026-W10,149,2026,NO2,37.87428571428571,43.434,-5.559999999999995,0,0.01
2026-W11,150,2026,NO2,35.50857142857143,43.434,-7.925714285714278,0,0.01
2026-W12,151,2026,NO2,30.59857142857143,43.434,-12.835714285714278,0,0.01
2026-W13,152,2026,NO2,34.49285714285715,43.434,-8.94142857142856,0,0.01
2026-W14,153,2026,NO2,32.887142857142855,43.434,-10.547142857142852,0,0.01
2026-W15,154,2026,NO2,22.332857142857144,43.434,-21.101428571428563,0,0.01
2026-W16,155,2026,NO2,26.695714285714285,43.434,-16.738571428571422,0,0.01
2023-W18,1,2023,PM2.5,10.998571428571427,18.559,-7.560714285714287,0,0.01
2023-W19,2,2023,PM2.5,6.644285714285715,18.559,-11.915,0,0.01
2023-W20,3,2023,PM2.5,9.57,18.559,-8.989285714285714,0,0.01
2023-W21,4,2023,PM2.5,12.857142857142858,18.559,-5.7021428571428565,0,0.01
2023-W22,5,2023,PM2.5,12.235714285714284,18.559,-6.32357142857143,0,0.01
2023-W23,6,2023,PM2.5,12.26142857142857,18.559,-6.2978571428571435,0,0.01
2023-W24,7,2023,PM2.5,14.285714285714286,18.559,-4.273571428571428,0,0.01
2023-W25,8,2023,PM2.5,15.95142857142857,18.559,-2.607857142857144,0,0.01
2023-W26,9,2023,PM2.5,13.094285714285714,18.559,-5.465,0,0.01
2023-W27,10,2023,PM2.5,14.334285714285716,18.559,-4.224999999999998,0,0.01
2023-W28,11,2023,PM2.5,14.477142857142857,18.559,-4.082142857142857,0,0.01
2023-W29,12,2023,PM2.5,14.19,18.559,-4.369285714285715,0,0.01
2023-W30,13,2023,PM2.5,8.167142857142858,18.559,-10.392142857142856,0,0.01
2023-W31,14,2023,PM2.5,6.477142857142857,18.559,-12.082142857142857,0,0.01
2023-W32,15,2023,PM2.5,12.23857142857143,18.559,-6.320714285714285,0,0.01
2023-W33,16,2023,PM2.5,15.047142857142855,18.559,-3.512142857142859,0,0.01
2023-W34,17,2023,PM2.5,12.214285714285714,18.559,-6.345000000000001,0,0.01
2023-W35,18,2023,PM2.5,10.428571428571429,18.559,-8.130714285714285,0,0.01
2023-W36,19,2023,PM2.5,19.594285714285714,18.559,1.0350000000000001,1,0.240850115903679
2023-W37,20,2023,PM2.5,13.73857142857143,18.559,-4.820714285714285,0,0.01
2023-W38,21,2023,PM2.5,8.52142857142857,18.559,-10.037857142857144,0,0.01
2023-W39,22,2023,PM2.5,26.472857142857144,18.559,7.91357142857143,1,0.7415633942652822
2023-W40,23,2023,PM2.5,20.142857142857142,18.559,1.5835714285714282,1,0.3217589078861737
2023-W41,24,2023,PM2.5,15.571428571428571,18.559,-2.987857142857143,0,0.01
2023-W42,25,2023,PM2.5,12.381428571428572,18.559,-6.1778571428571425,0,0.01
2023-W43,26,2023,PM2.5,14.24,18.559,-4.319285714285714,0,0.01
2023-W44,27,2023,PM2.5,10.69,18.559,-7.869285714285715,0,0.01
2023-W45,28,2023,PM2.5,20.85571428571429,18.559,2.2964285714285744,1,0.4043592598591159
2023-W46,29,2023,PM2.5,25.095714285714287,18.559,6.536428571428573,1,0.6846720622890392
2023-W47,30,2023,PM2.5,17.524285714285714,18.559,-1.0350000000000001,0,0.01
2023-W48,31,2023,PM2.5,16.427142857142858,18.559,-2.1321428571428562,0,0.01
2023-W49,32,2023,PM2.5,32.57,18.559,14.010714285714286,1,0.9182407015546835
2023-W50,33,2023,PM2.5,36.66428571428571,18.559,18.104999999999997,1,1.0
2023-W51,34,2023,PM2.5,28.380000000000003,18.559,9.820714285714288,1,0.8072890121006155
2023-W52,35,2023,PM2.5,32.808571428571426,18.559,14.249285714285712,1,0.9235860230959558
2024-W01,36,2024,PM2.5,17.38142857142857,21.31,-3.9282142857142865,0,0.01
2024-W02,37,2024,PM2.5,41.23857142857143,21.31,19.928928571428575,1,0.767445542052799
2024-W03,38,2024,PM2.5,32.097142857142856,21.31,10.787499999999998,1,0.6225702684612247
2024-W04,39,2024,PM2.5,59.04714285714285,21.31,37.7375,1,0.9228145225801783
2024-W05,40,2024,PM2.5,49.81,21.31,28.500357142857144,1,0.8540715159142651
2024-W06,41,2024,PM2.5,21.52285714285714,21.31,0.21321428571428314,1,0.04877351401030325
2024-W07,42,2024,PM2.5,72.90714285714287,21.31,51.59750000000001,1,1.0
2024-W08,43,2024,PM2.5,14.357142857142858,21.31,-6.952500000000001,0,0.01
2024-W09,44,2024,PM2.5,11.04857142857143,21.31,-10.261071428571428,0,0.01
2024-W10,45,2024,PM2.5,15.0,21.31,-6.309642857142858,0,0.01
2024-W11,46,2024,PM2.5,21.23857142857143,21.31,-0.0710714285714289,0,0.01
2024-W12,47,2024,PM2.5,16.428571428571427,21.31,-4.881071428571431,0,0.01
2024-W13,48,2024,PM2.5,11.525714285714288,21.31,-9.78392857142857,0,0.01
2024-W14,49,2024,PM2.5,12.904285714285717,21.31,-8.405357142857142,0,0.01
2024-W15,50,2024,PM2.5,13.952857142857145,21.31,-7.356785714285714,0,0.01
2024-W16,51,2024,PM2.5,5.762857142857143,21.31,-15.546785714285715,0,0.01
2024-W17,52,2024,PM2.5,10.714285714285714,21.31,-10.595357142857145,0,0.01
2024-W18,53,2024,PM2.5,6.88,21.31,-14.42964285714286,0,0.01
2024-W19,54,2024,PM2.5,12.381428571428572,21.31,-8.928214285714287,0,0.01
2024-W20,55,2024,PM2.5,7.95,21.31,-13.359642857142859,0,0.01
2024-W21,56,2024,PM2.5,8.737142857142858,21.31,-12.5725,0,0.01
2024-W22,57,2024,PM2.5,6.142857142857143,21.31,-15.166785714285716,0,0.01
2024-W23,58,2024,PM2.5,8.569999999999999,21.31,-12.73964285714286,0,0.01
2024-W24,59,2024,PM2.5,10.857142857142858,21.31,-10.4525,0,0.01
2024-W25,60,2024,PM2.5,8.522857142857143,21.31,-12.786785714285715,0,0.01
2024-W26,61,2024,PM2.5,10.881428571428572,21.31,-10.428214285714287,0,0.01
2024-W27,62,2024,PM2.5,11.928571428571429,21.31,-9.38107142857143,0,0.01
2024-W28,63,2024,PM2.5,10.571428571428571,21.31,-10.738214285714287,0,0.01
2024-W29,64,2024,PM2.5,11.618571428571428,21.31,-9.69107142857143,0,0.01
2024-W30,65,2024,PM2.5,12.858571428571429,21.31,-8.45107142857143,0,0.01
2024-W31,66,2024,PM2.5,11.524285714285714,21.31,-9.785357142857144,0,0.01
2024-W32,67,2024,PM2.5,13.904285714285717,21.31,-7.405357142857142,0,0.01
2024-W33,68,2024,PM2.5,9.857142857142858,21.31,-11.4525,0,0.01
2024-W34,69,2024,PM2.5,12.382857142857144,21.31,-8.926785714285714,0,0.01
2024-W35,70,2024,PM2.5,14.69,21.31,-6.619642857142859,0,0.01
2024-W36,71,2024,PM2.5,7.905714285714287,21.31,-13.403928571428573,0,0.01
2024-W37,72,2024,PM2.5,5.738571428571428,21.31,-15.571071428571429,0,0.01
2024-W38,73,2024,PM2.5,12.691428571428572,21.31,-8.618214285714286,0,0.01
2024-W39,74,2024,PM2.5,8.237142857142857,21.31,-13.072500000000002,0,0.01
2024-W40,75,2024,PM2.5,10.285714285714286,21.31,-11.023928571428572,0,0.01
2024-W41,76,2024,PM2.5,15.167142857142858,21.31,-6.1425,0,0.01
2024-W42,77,2024,PM2.5,14.905714285714286,21.31,-6.4039285714285725,0,0.01
2024-W43,78,2024,PM2.5,19.57,21.31,-1.739642857142858,0,0.01
2024-W44,79,2024,PM2.5,27.90571428571428,21.31,6.59607142857142,1,0.5116832635003665
2024-W45,80,2024,PM2.5,35.09571428571429,21.31,13.786071428571429,1,0.6797655561404901
2024-W46,81,2024,PM2.5,42.75999999999999,21.31,21.450357142857133,1,0.7851543604239025
2024-W47,82,2024,PM2.5,19.57,21.31,-1.739642857142858,0,0.01
2024-W48,83,2024,PM2.5,34.76142857142857,21.31,13.451785714285709,1,0.6739947903897519
2024-W49,84,2024,PM2.5,30.23857142857143,21.31,8.928928571428571,1,0.5792693791825005
2024-W50,85,2024,PM2.5,39.42714285714286,21.31,18.117500000000003,1,0.7446002810605943
2024-W51,86,2024,PM2.5,19.047142857142852,21.31,-2.2625000000000064,0,0.01
2024-W52,87,2024,PM2.5,66.52571428571427,21.31,45.21607142857141,1,0.9673601303917324
2025-W01,88,2025,PM2.5,25.66571428571428,23.619,2.047142857142852,1,0.3567672326540762
2025-W02,89,2025,PM2.5,27.90285714285714,23.619,4.284285714285712,1,0.5330474232446987
2025-W03,90,2025,PM2.5,23.19,23.619,-0.42857142857142705,0,0.01
2025-W04,91,2025,PM2.5,19.00142857142857,23.619,-4.617142857142859,0,0.01
2025-W05,92,2025,PM2.5,30.19,23.619,6.571428571428573,1,0.6482052042668252
2025-W06,93,2025,PM2.5,23.857142857142858,23.619,0.23857142857142932,1,0.06850936295918826
2025-W07,94,2025,PM2.5,30.715714285714284,23.619,7.097142857142856,1,0.6697000096668817
2025-W09,96,2025,PM2.5,28.287142857142857,23.619,4.668571428571429,1,0.5555252959908651
2025-W10,97,2025,PM2.5,21.33428571428572,23.619,-2.2842857142857085,0,0.01
2025-W11,98,2025,PM2.5,16.667142857142856,23.619,-6.951428571428572,0,0.01
2025-W12,99,2025,PM2.5,16.62,23.619,-6.998571428571427,0,0.01
2025-W13,100,2025,PM2.5,11.95142857142857,23.619,-11.667142857142858,0,0.01
2025-W14,101,2025,PM2.5,17.572857142857142,23.619,-6.045714285714286,0,0.01
2025-W15,102,2025,PM2.5,9.858571428571429,23.619,-13.76,0,0.01
2025-W16,103,2025,PM2.5,8.381428571428572,23.619,-15.237142857142857,0,0.01
2025-W17,104,2025,PM2.5,11.69142857142857,23.619,-11.927142857142858,0,0.01
2025-W18,105,2025,PM2.5,8.522857142857143,23.619,-15.095714285714285,0,0.01
2025-W19,106,2025,PM2.5,9.667142857142858,23.619,-13.95142857142857,0,0.01
2025-W20,107,2025,PM2.5,8.19,23.619,-15.428571428571429,0,0.01
2025-W21,108,2025,PM2.5,8.902857142857142,23.619,-14.715714285714286,0,0.01
2025-W22,109,2025,PM2.5,11.905714285714286,23.619,-11.712857142857143,0,0.01
2025-W23,110,2025,PM2.5,22.547142857142852,23.619,-1.0714285714285765,0,0.01
2025-W24,111,2025,PM2.5,16.405714285714286,23.619,-7.212857142857143,0,0.01
2025-W25,112,2025,PM2.5,12.475714285714286,23.619,-11.142857142857142,0,0.01
2025-W26,113,2025,PM2.5,13.144285714285717,23.619,-10.474285714285712,0,0.01
2025-W27,114,2025,PM2.5,8.95142857142857,23.619,-14.667142857142858,0,0.01
2025-W28,115,2025,PM2.5,11.38,23.619,-12.238571428571428,0,0.01
2025-W29,116,2025,PM2.5,10.23857142857143,23.619,-13.379999999999999,0,0.01
2025-W30,117,2025,PM2.5,9.237142857142857,23.619,-14.381428571428572,0,0.01
2025-W31,118,2025,PM2.5,8.95142857142857,23.619,-14.667142857142858,0,0.01
2025-W32,119,2025,PM2.5,19.76142857142857,23.619,-3.8571428571428577,0,0.01
2025-W33,120,2025,PM2.5,10.76142857142857,23.619,-12.857142857142858,0,0.01
2025-W34,121,2025,PM2.5,11.524285714285714,23.619,-12.094285714285714,0,0.01
2025-W35,122,2025,PM2.5,8.62,23.619,-14.998571428571429,0,0.01
2025-W36,123,2025,PM2.5,13.047142857142855,23.619,-10.571428571428573,0,0.01
2025-W37,124,2025,PM2.5,11.855714285714283,23.619,-11.762857142857145,0,0.01
2025-W38,125,2025,PM2.5,13.81,23.619,-9.808571428571428,0,0.01
2025-W39,126,2025,PM2.5,10.975714285714286,23.619,-12.642857142857142,0,0.01
2025-W40,127,2025,PM2.5,28.191428571428577,23.619,4.572857142857149,1,0.5500725427423675
2025-W41,128,2025,PM2.5,33.38,23.619,9.761428571428574,1,0.7607828980327569
2025-W42,129,2025,PM2.5,23.38,23.619,-0.23857142857142932,0,0.01
2025-W43,130,2025,PM2.5,17.284285714285712,23.619,-6.334285714285716,0,0.01
2025-W44,131,2025,PM2.5,22.28428571428572,23.619,-1.3342857142857092,0,0.01
2025-W45,132,2025,PM2.5,40.75999999999999,23.619,17.141428571428563,1,0.9280004322252291
2025-W46,133,2025,PM2.5,20.47714285714286,23.619,-3.1414285714285697,0,0.01
2025-W47,134,2025,PM2.5,21.38,23.619,-2.2385714285714293,0,0.01
2025-W48,135,2025,PM2.5,34.714285714285715,23.619,11.095714285714287,1,0.7982086920231835
2025-W49,136,2025,PM2.5,38.14142857142856,23.619,14.522857142857134,1,0.8780863240743602
2025-W50,137,2025,PM2.5,31.81,23.619,8.19142857142857,1,0.7102884809149047
2025-W51,138,2025,PM2.5,20.5,23.619,-3.1185714285714283,0,0.01
2025-W52,139,2025,PM2.5,45.33428571428571,23.619,21.715714285714284,1,1.0
2026-W01,140,2026,PM2.5,51.33428571428571,35.203,16.131071428571424,1,1.0
2026-W02,141,2026,PM2.5,34.52428571428572,35.203,-0.6789285714285711,0,0.01
2026-W03,142,2026,PM2.5,41.38,35.203,6.176785714285714,1,0.6937434869882426
2026-W04,143,2026,PM2.5,33.715714285714284,35.203,-1.4875000000000043,0,0.01
2026-W05,144,2026,PM2.5,28.57,35.203,-6.633214285714288,0,0.01
2026-W06,145,2026,PM2.5,24.142857142857142,35.203,-11.060357142857146,0,0.01
2026-W07,146,2026,PM2.5,19.52285714285714,35.203,-15.680357142857147,0,0.01
2026-W08,147,2026,PM2.5,17.665714285714284,35.203,-17.537500000000005,0,0.01
2026-W09,148,2026,PM2.5,37.24,35.203,2.0367857142857133,1,0.3910035647308643
2026-W10,149,2026,PM2.5,39.951428571428565,35.203,4.748214285714276,1,0.615612316201696
2026-W11,150,2026,PM2.5,31.5,35.203,-3.7032142857142887,0,0.01
2026-W12,151,2026,PM2.5,13.81,35.203,-21.393214285714286,0,0.01
2026-W13,152,2026,PM2.5,13.595714285714283,35.203,-21.607500000000005,0,0.01
2026-W14,153,2026,PM2.5,10.429999999999998,35.203,-24.77321428571429,0,0.01
2026-W15,154,2026,PM2.5,12.855714285714283,35.203,-22.347500000000004,0,0.01
2026-W16,155,2026,PM2.5,16.237142857142857,35.203,-18.966071428571432,0,0.01
2023-W18,1,2023,PM10,18.857142857142858,30.214,-11.357142857142858,0,0.01
2023-W19,2,2023,PM10,11.392857142857142,30.214,-18.821428571428573,0,0.01
2023-W20,3,2023,PM10,17.071428571428573,30.214,-13.142857142857142,0,0.01
2023-W21,4,2023,PM10,21.392857142857142,30.214,-8.821428571428573,0,0.01
2023-W22,5,2023,PM10,18.321428571428573,30.214,-11.892857142857142,0,0.01
2023-W23,6,2023,PM10,17.69,30.214,-12.524285714285714,0,0.01
2023-W24,7,2023,PM10,21.38142857142857,30.214,-8.832857142857144,0,0.01
2023-W25,8,2023,PM10,26.785714285714285,30.214,-3.4285714285714306,0,0.01
2023-W26,9,2023,PM10,21.702857142857145,30.214,-8.51142857142857,0,0.01
2023-W27,10,2023,PM10,22.428571428571427,30.214,-7.785714285714288,0,0.01
2023-W28,11,2023,PM10,27.071428571428573,30.214,-3.1428571428571423,0,0.01
2023-W29,12,2023,PM10,22.392857142857142,30.214,-7.821428571428573,0,0.01
2023-W30,13,2023,PM10,14.392857142857142,30.214,-15.821428571428573,0,0.01
2023-W31,14,2023,PM10,13.25,30.214,-16.964285714285715,0,0.01
2023-W32,15,2023,PM10,20.285714285714285,30.214,-9.92857142857143,0,0.01
2023-W33,16,2023,PM10,25.26142857142857,30.214,-4.952857142857145,0,0.01
2023-W34,17,2023,PM10,20.88142857142857,30.214,-9.332857142857144,0,0.01
2023-W35,18,2023,PM10,18.142857142857142,30.214,-12.071428571428573,0,0.01
2023-W36,19,2023,PM10,32.082857142857144,30.214,1.8685714285714283,1,0.35240368671360367
2023-W37,20,2023,PM10,22.38142857142857,30.214,-7.832857142857144,0,0.01
2023-W38,21,2023,PM10,17.321428571428573,30.214,-12.892857142857142,0,0.01
2023-W39,22,2023,PM10,45.10714285714285,30.214,14.892857142857132,1,0.9249284691550722
2023-W40,23,2023,PM10,38.85714285714285,30.214,8.642857142857132,1,0.7578408271202298
2023-W41,24,2023,PM10,31.607142857142858,30.214,1.3928571428571423,1,0.2917668428879137
2023-W42,25,2023,PM10,21.75,30.214,-8.464285714285715,0,0.01
2023-W43,26,2023,PM10,23.428571428571427,30.214,-6.785714285714288,0,0.01
2023-W44,27,2023,PM10,18.47714285714286,30.214,-11.737142857142857,0,0.01
2023-W45,28,2023,PM10,28.821428571428573,30.214,-1.3928571428571423,0,0.01
2023-W46,29,2023,PM10,36.75,30.214,6.535714285714285,1,0.6753879567794836
2023-W47,30,2023,PM10,27.142857142857142,30.214,-3.071428571428573,0,0.01
2023-W48,31,2023,PM10,22.178571428571427,30.214,-8.035714285714288,0,0.01
2023-W49,32,2023,PM10,43.5,30.214,13.285714285714285,1,0.8892773405144495
2023-W50,33,2023,PM10,49.10714285714285,30.214,18.89285714285713,1,1.0
2023-W51,34,2023,PM10,39.71428571428572,30.214,9.500000000000007,1,0.7863182638030506
2023-W52,35,2023,PM10,40.82142857142857,30.214,10.607142857142854,1,0.8198411140711404
2024-W01,36,2024,PM10,23.75,31.321,-7.571428571428569,0,0.01
2024-W02,37,2024,PM10,51.285714285714285,31.321,19.964285714285715,1,0.7317418404681668
2024-W03,38,2024,PM10,43.85714285714285,31.321,12.535714285714278,1,0.6265339439905782
2024-W04,39,2024,PM10,76.96428571428571,31.321,45.64285714285714,1,0.9240547334719822
2024-W05,40,2024,PM10,67.46428571428571,31.321,36.14285714285714,1,0.8692854877727385
2024-W06,41,2024,PM10,31.178571428571427,31.321,-0.14285714285714235,0,0.01
2024-W07,42,2024,PM10,94.28571428571428,31.321,62.96428571428571,1,1.0
2024-W08,43,2024,PM10,19.548571428571428,31.321,-11.772857142857141,0,0.01
2024-W09,44,2024,PM10,15.642857142857142,31.321,-15.678571428571427,0,0.01
2024-W10,45,2024,PM10,21.5,31.321,-9.82142857142857,0,0.01
2024-W11,46,2024,PM10,30.75,31.321,-0.5714285714285694,0,0.01
2024-W12,47,2024,PM10,22.821428571428573,31.321,-8.499999999999996,0,0.01
2024-W13,48,2024,PM10,27.274285714285707,31.321,-4.0471428571428625,0,0.01
2024-W14,49,2024,PM10,23.571428571428573,31.321,-7.7499999999999964,0,0.01
2024-W15,50,2024,PM10,26.0,31.321,-5.321428571428569,0,0.01
2024-W16,51,2024,PM10,11.274285714285714,31.321,-20.047142857142855,0,0.01
2024-W17,52,2024,PM10,21.154285714285717,31.321,-10.167142857142853,0,0.01
2024-W18,53,2024,PM10,12.285714285714286,31.321,-19.035714285714285,0,0.01
2024-W19,54,2024,PM10,19.33285714285714,31.321,-11.98857142857143,0,0.01
2024-W20,55,2024,PM10,15.714285714285714,31.321,-15.607142857142856,0,0.01
2024-W21,56,2024,PM10,15.392857142857142,31.321,-15.928571428571427,0,0.01
2024-W22,57,2024,PM10,13.75,31.321,-17.57142857142857,0,0.01
2024-W23,58,2024,PM10,16.451428571428572,31.321,-14.869999999999997,0,0.01
2024-W24,59,2024,PM10,22.452857142857145,31.321,-8.868571428571425,0,0.01
2024-W25,60,2024,PM10,18.797142857142852,31.321,-12.524285714285718,0,0.01
2024-W26,61,2024,PM10,19.178571428571427,31.321,-12.142857142857142,0,0.01
2024-W27,62,2024,PM10,22.178571428571427,31.321,-9.142857142857142,0,0.01
2024-W28,63,2024,PM10,22.75,31.321,-8.57142857142857,0,0.01
2024-W29,64,2024,PM10,23.107142857142858,31.321,-8.214285714285712,0,0.01
2024-W30,65,2024,PM10,26.107142857142858,31.321,-5.214285714285712,0,0.01
2024-W31,66,2024,PM10,23.0,31.321,-8.32142857142857,0,0.01
2024-W32,67,2024,PM10,24.428571428571427,31.321,-6.892857142857142,0,0.01
2024-W33,68,2024,PM10,20.75,31.321,-10.57142857142857,0,0.01
2024-W34,69,2024,PM10,24.88142857142857,31.321,-6.439999999999998,0,0.01
2024-W35,70,2024,PM10,26.642857142857142,31.321,-4.678571428571427,0,0.01
2024-W36,71,2024,PM10,16.535714285714285,31.321,-14.785714285714285,0,0.01
2024-W37,72,2024,PM10,13.785714285714286,31.321,-17.535714285714285,0,0.01
2024-W38,73,2024,PM10,24.785714285714285,31.321,-6.535714285714285,0,0.01
2024-W39,74,2024,PM10,16.584285714285716,31.321,-14.737142857142853,0,0.01
2024-W40,75,2024,PM10,17.144285714285715,31.321,-14.177142857142854,0,0.01
2024-W41,76,2024,PM10,24.69142857142857,31.321,-6.629999999999999,0,0.01
2024-W42,77,2024,PM10,25.01142857142857,31.321,-6.309999999999999,0,0.01
2024-W43,78,2024,PM10,31.75,31.321,0.4285714285714306,1,0.08577370773379056
2024-W44,79,2024,PM10,42.17857142857143,31.321,10.857142857142861,1,0.5946939027219648
2024-W45,80,2024,PM10,50.98857142857143,31.321,19.667142857142863,1,0.7283089263890955
2024-W46,81,2024,PM10,61.535714285714285,31.321,30.214285714285715,1,0.8274668177551024
2024-W47,82,2024,PM10,28.535714285714285,31.321,-2.7857142857142847,0,0.01
2024-W48,83,2024,PM10,52.535714285714285,31.321,21.214285714285715,1,0.7456693892809347
2024-W49,84,2024,PM10,44.035714285714285,31.321,12.714285714285715,1,0.6296857774442067
2024-W50,85,2024,PM10,53.60714285714285,31.321,22.285714285714278,1,0.75699714033747
2024-W51,86,2024,PM10,28.428571428571427,31.321,-2.8928571428571423,0,0.01
2024-W52,87,2024,PM10,91.53571428571428,31.321,60.21428571428571,1,0.9894322103141245
2025-W01,88,2025,PM10,34.17857142857143,33.363,0.8157142857142929,1,0.1908193442162849
2025-W02,89,2025,PM10,43.21428571428572,33.363,9.851428571428585,1,0.7627594407436713
2025-W03,90,2025,PM10,31.75,33.363,-1.6128571428571377,0,0.01
2025-W04,91,2025,PM10,26.321428571428573,33.363,-7.041428571428565,0,0.01
2025-W05,92,2025,PM10,42.32142857142857,33.363,8.958571428571432,1,0.7352910077924284
2025-W06,93,2025,PM10,30.214285714285715,33.363,-3.1485714285714224,0,0.01
2025-W07,94,2025,PM10,42.46428571428572,33.363,9.101428571428585,1,0.7398475527140174
2025-W09,96,2025,PM10,43.10714285714285,33.363,9.74428571428571,1,0.7595850784149987
2025-W10,97,2025,PM10,30.107142857142858,33.363,-3.25571428571428,0,0.01
2025-W11,98,2025,PM10,27.071428571428573,33.363,-6.291428571428565,0,0.01
2025-W12,99,2025,PM10,23.428571428571427,33.363,-9.93428571428571,0,0.01
2025-W13,100,2025,PM10,20.83428571428572,33.363,-12.528571428571418,0,0.01
2025-W14,101,2025,PM10,32.54714285714285,33.363,-0.8157142857142858,0,0.01
2025-W15,102,2025,PM10,15.0,33.363,-18.362857142857138,0,0.01
2025-W16,103,2025,PM10,13.607142857142858,33.363,-19.75571428571428,0,0.01
2025-W17,104,2025,PM10,18.618571428571425,33.363,-14.744285714285713,0,0.01
2025-W18,105,2025,PM10,14.595714285714283,33.363,-18.767142857142854,0,0.01
2025-W19,106,2025,PM10,15.381428571428572,33.363,-17.981428571428566,0,0.01
2025-W20,107,2025,PM10,14.154285714285717,33.363,-19.20857142857142,0,0.01
2025-W21,108,2025,PM10,14.81,33.363,-18.552857142857135,0,0.01
2025-W22,109,2025,PM10,21.464285714285715,33.363,-11.898571428571422,0,0.01
2025-W23,110,2025,PM10,34.27428571428572,33.363,0.9114285714285799,1,0.20725373097633049
2025-W24,111,2025,PM10,26.404285714285717,33.363,-6.958571428571421,0,0.01
2025-W25,112,2025,PM10,19.83285714285714,33.363,-13.529999999999998,0,0.01
2025-W26,113,2025,PM10,21.214285714285715,33.363,-12.148571428571422,0,0.01
2025-W27,114,2025,PM10,13.821428571428571,33.363,-19.54142857142857,0,0.01
2025-W28,115,2025,PM10,18.024285714285718,33.363,-15.33857142857142,0,0.01
2025-W29,116,2025,PM10,18.15571428571429,33.363,-15.207142857142848,0,0.01
2025-W30,117,2025,PM10,13.428571428571429,33.363,-19.934285714285707,0,0.01
2025-W31,118,2025,PM10,15.417142857142858,33.363,-17.94571428571428,0,0.01
2025-W32,119,2025,PM10,30.464285714285715,33.363,-2.8985714285714224,0,0.01
2025-W33,120,2025,PM10,17.035714285714285,33.363,-16.327142857142853,0,0.01
2025-W34,121,2025,PM10,16.785714285714285,33.363,-16.577142857142853,0,0.01
2025-W35,122,2025,PM10,13.535714285714286,33.363,-19.827142857142853,0,0.01
2025-W36,123,2025,PM10,20.357142857142858,33.363,-13.00571428571428,0,0.01
2025-W37,124,2025,PM10,20.762857142857143,33.363,-12.599999999999994,0,0.01
2025-W38,125,2025,PM10,20.25,33.363,-13.112857142857138,0,0.01
2025-W39,126,2025,PM10,19.66714285714286,33.363,-13.695714285714278,0,0.01
2025-W40,127,2025,PM10,41.32142857142857,33.363,7.958571428571432,1,0.7014372594708851
2025-W41,128,2025,PM10,44.5,33.363,11.137142857142862,1,0.7985808944107989
2025-W42,129,2025,PM10,30.571428571428573,33.363,-2.7914285714285647,0,0.01
2025-W43,130,2025,PM10,24.392857142857142,33.363,-8.969999999999995,0,0.01
2025-W44,131,2025,PM10,30.535714285714285,33.363,-2.827142857142853,0,0.01
2025-W45,132,2025,PM10,51.035714285714285,33.363,17.672857142857147,1,0.9363981374392591
2025-W46,133,2025,PM10,26.285714285714285,33.363,-7.077142857142853,0,0.01
2025-W47,134,2025,PM10,27.321428571428573,33.363,-6.041428571428565,0,0.01
2025-W48,135,2025,PM10,41.10714285714285,33.363,7.744285714285709,1,0.6936921359275217
2025-W49,136,2025,PM10,47.21428571428572,33.363,13.851428571428585,1,0.8631468602483566
2025-W50,137,2025,PM10,37.892857142857146,33.363,4.530000000000008,1,0.5471055181855052
2025-W51,138,2025,PM10,25.428571428571427,33.363,-7.934285714285711,0,0.01
2025-W52,139,2025,PM10,55.142857142857146,33.363,21.78000000000001,1,1.0
2026-W01,140,2026,PM10,61.96428571428572,43.304,18.660714285714292,1,1.0
2026-W02,141,2026,PM10,41.642857142857146,43.304,-1.6607142857142847,0,0.01
2026-W03,142,2026,PM10,48.285714285714285,43.304,4.982142857142854,1,0.6005389650841988
2026-W04,143,2026,PM10,41.0,43.304,-2.3035714285714306,0,0.01
2026-W05,144,2026,PM10,34.75,43.304,-8.55357142857143,0,0.01
2026-W06,145,2026,PM10,29.75,43.304,-13.55357142857143,0,0.01
2026-W07,146,2026,PM10,24.964285714285715,43.304,-18.339285714285715,0,0.01
2026-W08,147,2026,PM10,23.357142857142858,43.304,-19.946428571428573,0,0.01
2026-W09,148,2026,PM10,49.35714285714285,43.304,6.053571428571416,1,0.6558515251899598
2026-W10,149,2026,PM10,52.57142857142857,43.304,9.267857142857139,1,0.7819112332278284
2026-W11,150,2026,PM10,41.42857142857143,43.304,-1.875,0,0.01
2026-W12,151,2026,PM10,22.5,43.304,-20.80357142857143,0,0.01
2026-W13,152,2026,PM10,22.071428571428573,43.304,-21.232142857142858,0,0.01
2026-W14,153,2026,PM10,20.01142857142857,43.304,-23.29214285714286,0,0.01
2026-W15,154,2026,PM10,23.952857142857145,43.304,-19.350714285714286,0,0.01
2026-W16,155,2026,PM10,25.88142857142857,43.304,-17.42214285714286,0,0.01
